ID,Year,QuestionNo,Category,IsCountQuestion,RandomizeChoices,Prompt,Choice1,Choice2,Choice3,Choice4,OriginalAnswer,Explanation,Source,PageImage,QuestionImage
R7-2025-001,2025,1,権利関係,False,FALSE,所有者ＡがＢに甲土地を売却し、その後にＢがＣに甲土地を売却した場合に関する次の記述のうち、民法の規定及び判例によれば、正しいものはどれか。なお、この問において、Ｃは背信的悪意者ではないものとする。,甲土地の所有権登記がＡの名義のままであったとしても、Ｂは、Ｃに甲土地を売却した後は、Ａに対して自己に甲土地の所有権移転登記をするよう請求することはできない。,Ｃは、甲土地の所有権移転登記を備えなければ、Ａに対して自己が所有者であることを主張することができない。,ＡＢ間の売買契約が、ＢＣ間の売買契約締結よりも前にＡにより解除されていた場合、又は、ＢＣ間の売買契約締結後にＡにより解除された場合のいずれの場合であっても、Ｃは、甲土地の所有権移転登記を備えれば、Ａに対して自己の所有権を主張することができる。,ＡＢ間の売買契約が、ＢＣ間の売買契約よりも前にＢの強迫を理由として取り消されていた場合、又は、ＢＣ間の売買契約締結後にＢの強迫を理由として取り消された場合のいずれの場合であっても、Ｃは、Ｂの強迫につき善意でかつ過失がなければ、Ａに対して自己の所有権を主張することができる。,3,正解は 3 です。 土地では、地形・地盤・災害リスク・道路付けなどが重要です。実務では買主の利用目的や再建築可能性にも関係します。 この解説は学習用の要約です。法改正や判例変更があるため、実務では最新条文・判例も確認してください。,令和7年度宅地建物取引士資格試験 公式PDF,2025_p02.jpg,q_2025_01.jpg
R7-2025-002,2025,2,権利関係,False,FALSE,個人であるＡが、①賃貸人Ｂと賃借人Ｃとの間の期間を2 年とする居住用甲建物の賃貸借契約に基づくＣの一切の債務の連帯保証契約をＢと締結した場合、②売主Ｄと買主Ｅとの間の居住用乙建物の売買契約に基づく代金支払債務の保証契約をＤと締結した場合、に関する次の記述のうち、民法の規定によれば、正しいものはどれか。,①の連帯保証契約は書面によってしなければ無効であるのに対し、②の保証契約は書面によらず、口頭で契約を締結しても有効である。,①のＢがＡに対して連帯保証債務の履行を請求してきた場合には、ＡはまずＣに請求するように主張できるのに対し、②のＤがＡに対して保証債務の履行を請求してきた場合には、ＡはまずＥに請求するように主張することはできない。,①の連帯保証契約は保証の限度額である極度額を定めなければ無効であるのに対し、②の保証契約は極度額を定める必要はない。,①も②もＡが主たる債務者Ｃ及びＥの委託を受けて保証した場合において、Ａが債権者Ｂ及びＤに対して主たる債務の履行状況に関する情報を提供するよう請求したときは、①のＢは、これらの情報を、遅滞なく、Ａに提供しなければならないのに対し、②のＤは、守秘義務を理由にこれらの情報の提供を拒否することができる。,3,正解は 3 です。 借地借家法では、普通借地・定期借地・普通建物賃貸借・定期建物賃貸借の違いが重要です。存続期間、更新、終了、書面要件を整理します。 この解説は学習用の要約です。法改正や判例変更があるため、実務では最新条文・判例も確認してください。,令和7年度宅地建物取引士資格試験 公式PDF,2025_p02.jpg,q_2025_02.jpg
R7-2025-003,2025,3,権利関係,True,FALSE,意思表示に関する次の記述のうち、民法の規定によれば、誤っているものはいくつあるか。ア 表意者が真意でないことを知ってした意思表示は無効であるが、相手方がその意思表示が表意者の真意ではないことを知らなければ、知らないことにつき過失があっても、当該意思表示は有効となる。イ 相手方と通じてした虚偽の意思表示は無効であり、第三者がその虚偽表示につき善意であっても、過失があれば、当該第三者にその無効を対抗することができる。ウ 意思表示は、当該意思表示に対応する意思を欠く錯誤に基づくものであって、その錯誤が法律行為の目的及び取引上の社会通念に照らして重要なものであるときは、無効であるが、その錯誤につき善意でかつ過失がない第三者には、その無効を対抗することができない。エ 詐欺による意思表示は取り消すことができるが、その詐欺につき善意でかつ過失がない取消し前の第三者には、その取消しを対抗することができない。,一つ,二つ,三つ,四つ,3,正解は 3 です。 意思表示では、心裡留保、通謀虚偽表示、錯誤、詐欺、強迫の効力と第三者保護が頻出です。取消し・無効・善意無過失の要件を比較して覚えます。 この解説は学習用の要約です。法改正や判例変更があるため、実務では最新条文・判例も確認してください。,令和7年度宅地建物取引士資格試験 公式PDF,2025_p03.jpg,q_2025_03.jpg
R7-2025-004,2025,4,権利関係,False,FALSE,"ＡがＢから弁済の期限の定めなく金1,000 万円を借り入れる金銭消費貸借契約（以下この問において「本件契約」という。）における次の記述のうち、民法の規定及び判例によれば、正しいものはどれか。",Ａは、本件契約におけるＡの債務を担保するために、Ａが所有する不動産に対し、Ｂのために、抵当権を設定することはできるが、質権を設定することはできない。,Ａが本件契約に基づく債務の弁済を怠ったときに、ＢがＡから預かっている動産を占有している場合には、Ｂは当該動産の返還時期が到来しても弁済を受けるまでその動産に関して留置権を行使することができる。,Ａが本件契約に基づく債務の弁済を怠った場合には、ＢはＡの総財産に対して先取特権を行使することができる。,"Ａが、期限が到来しているＢの悪意による不法行為に基づく金1,000 万円の損害賠償請求債権をＢに対して有している場合、Ａは本件契約に基づく返還債務をＢに対する当該損害賠償請求債権で相殺することができる。",4,正解は 4 です。 権利関係は、民法・借地借家法などを中心に、契約の成立、効力、解除、対抗関係を判断する分野です。 この解説は学習用の要約です。法改正や判例変更があるため、実務では最新条文・判例も確認してください。,令和7年度宅地建物取引士資格試験 公式PDF,2025_p03.jpg,q_2025_04.jpg
R7-2025-005,2025,5,権利関係,True,FALSE,Ａの子がＢであり、Ｂの子がＣであり、ＣがＡの直系卑属である場合において、民法の規定によれば、次のアからエまでの記述のうち、Ａが死亡した際にＣがＢを代襲してＡの相続人となるときを全て掲げたものはどれか。ア Ａが死亡する以前にＢが死亡したときイ Ｂが相続に関するＡの遺言書を偽造して相続権を失ったときウ ＢがＡによって相続人から廃除されて相続権を失ったときエ Ｂが相続放棄をしたとき,ア、エ,イ、ウ,ア、ウ、エ,ア、イ、ウ,4,正解は 4 です。 相続では、相続人、相続分、遺産分割、代襲相続、相続放棄、遺言の効力などを整理します。相続開始前後で権利関係がどう変わるかがポイントです。 この解説は学習用の要約です。法改正や判例変更があるため、実務では最新条文・判例も確認してください。,令和7年度宅地建物取引士資格試験 公式PDF,2025_p04.jpg,q_2025_05.jpg
R7-2025-006,2025,6,権利関係,False,FALSE,Ａが所有している甲土地についての物権変動に関する次の記述のうち、民法の規定及び判例によれば、誤っているものはどれか。,Ｂが甲土地をＡに無断でＣに売却し、その後、ＢがＡから甲土地を購入した場合、Ｃは、Ｂから甲土地を購入した時点に遡って甲土地の所有権を取得する。,Ｄが甲土地につき、Ａに無断でＤへの虚偽の所有権の移転の登記をした上で、甲土地をＥに売却してその旨の登記をした場合において、その後、ＡがＦに甲土地を売却したときは、Ｆは、Ｅに対し、甲土地の所有権を主張することができる。,Ｇが甲土地の所有権を時効取得した場合、Ｇはその後にＡを単独相続したＨに対して、登記を備えていなくても、甲土地の所有権を主張することができる。,Ａが甲土地上の立木の所有権を留保して甲土地をＪに売却し、その後、ＪがＫに甲土地及びその上の立木を売却した場合には、Ａは、Ｋに対し、立木の所有権の留保につき登記又は明認方法を備えない限り、立木の所有権を主張することができない。,1,正解は 1 です。 土地では、地形・地盤・災害リスク・道路付けなどが重要です。実務では買主の利用目的や再建築可能性にも関係します。 この解説は学習用の要約です。法改正や判例変更があるため、実務では最新条文・判例も確認してください。,令和7年度宅地建物取引士資格試験 公式PDF,2025_p04.jpg,q_2025_06.jpg
R7-2025-007,2025,7,権利関係,False,FALSE,Ａは自己の所有する甲建物を事務所としてＢに賃貸し（以下この問において「本件契約」という。）、その後、本件契約の期間中に甲建物の屋根に雨漏りが生じたため、ＣがＢから甲建物の屋根の修理を請け負い、Ｃによる修理が完了した。この場合における次の記述のうち、民法の規定及び判例によれば、正しいものはどれか。,ＢがＣに修理代金を支払わないまま無資力となり、賃料を滞納して本件契約が解除されたことにより甲建物はＡに明け渡された。この場合、ＣはＡに対して、事務管理に基づいて修理費用相当額の支払を求めることはできない。,ＢがＣに修理代金を支払ったとしても、本件契約において、Ａの負担に属するとされる甲建物の屋根の修理費用について直ちに償還請求することができる旨の特約がない限り、契約終了時でなければ、ＢはＡに対して償還を求めることはできない。,ＢがＣに修理代金を支払わない場合、Ｃは、Ｂが占有する甲建物につき、当然に不動産工事の先取特権を行使することができる。,ＢがＣに修理代金を支払わないまま無資力となり、賃料を滞納して本件契約が解除されたことにより甲建物はＡに明け渡された。本件契約において、ＢがＡに権利金を支払わないことの代償として、甲建物の修理費用をＢの負担とする旨の特約が存し、当該屋根の修理費用と権利金が相応していたときであっても、ＣはＡに対して、不当利得に基づいて修理費用相当額の支払を求めることができる。,1,正解は 1 です。 建物では、構造、耐震性、劣化、維持管理、設備状況などが重要です。中古住宅では契約不適合やインスペクションにもつながります。 この解説は学習用の要約です。法改正や判例変更があるため、実務では最新条文・判例も確認してください。,令和7年度宅地建物取引士資格試験 公式PDF,2025_p05.jpg,q_2025_07.jpg
R7-2025-008,2025,8,権利関係,False,FALSE,Ａ、Ｂ及びＣがそれぞれ3 分の1 の持分の割合で甲土地を共有している場合に関する次の記述のうち、民法の規定及び判例によれば、誤っているものはどれか。なお、甲土地を分割しない旨の契約は存在しないものとする。,甲土地につき無権利のＤが、自己への虚偽の所有権移転登記をした場合には、Ａは、単独で、Ｄに対し、その所有権移転登記の抹消を求めることができる。,Ａが甲土地についての自己の持分を放棄した場合には、その持分は国庫に帰属する。,Ａが死亡し、Ｅ及びＦが相続した場合には、Ｂ及びＣは、Ａの遺産についての遺産分割がされる前であっても、Ｅ及びＦに対して共有物分割の訴えを提起することができる。,ＡがＢ及びＣに無断で甲土地を占有している場合であっても、Ｂは、Ａに対し、当然には自己に甲土地を明け渡すように求めることができない。,2,正解は 2 です。 共有では、保存行為・管理行為・変更行為で必要な同意の程度が異なります。持分放棄、共有物分割、所在不明共有者がいる場合の扱いも重要です。 この解説は学習用の要約です。法改正や判例変更があるため、実務では最新条文・判例も確認してください。,令和7年度宅地建物取引士資格試験 公式PDF,2025_p05.jpg,q_2025_08.jpg
R7-2025-009,2025,9,権利関係,False,FALSE,連帯債務者の一人について生じた次の事由のうち、民法の規定によれば、他の連帯債務者に対して効力が生じないものとして正しいものはどれか。なお、この問において、連帯債務者の一人について生じた事由が他の連帯債務者に対して効力が生じる旨の別段の意思表示はないものとする。,債権者がした連帯債務者の一人に対する履行の請求,連帯債務者の一人と債権者との間の混同,連帯債務者の一人が債権者に対して債権を有する場合において、その連帯債務者がした相殺の援用,連帯債務者の一人と債権者との間の更改,1,正解は 1 です。 意思表示では、心裡留保、通謀虚偽表示、錯誤、詐欺、強迫の効力と第三者保護が頻出です。取消し・無効・善意無過失の要件を比較して覚えます。 この解説は学習用の要約です。法改正や判例変更があるため、実務では最新条文・判例も確認してください。,令和7年度宅地建物取引士資格試験 公式PDF,2025_p06.jpg,q_2025_09.jpg
R7-2025-010,2025,10,権利関係,False,FALSE,Ａを売主、Ｂを買主とする甲土地の売買契約による甲土地の引渡し後に、目的物の品質に関して契約の内容に適合しない土壌汚染が見つかった場合の売主の担保の責任（以下この問において「契約不適合責任」という。）に基づく損害賠償に関する次の記述のうち、民法の規定、宅地建物取引業法の規定及び判例によれば、誤っているものはどれか。,Ｂは、甲土地の引渡しの日から11 年が経過した時点で甲土地の土壌汚染を発見し、発見した時点から1 年以内にＡに通知した。Ａが当該土壌汚染があることを重大な過失なく知らなかった場合、Ａが宅地建物取引業者であるか否かにかかわらず、Ｂは損害賠償を請求することはできない。,甲土地の引渡しの日から3 年以内に契約不適合の通知をしなければ売主は契約不適合責任を負わない旨の特約があり、Ｂが引渡しの日から4 年が経過した時点で土壌汚染を発見して直ちにＡに通知した。Ａが当該土壌汚染があることを重大な過失なく知らなかった場合、Ａが宅地建物取引業者であるか否かにかかわらず、Ｂは損害賠償を請求することはできない。,甲土地の引渡しの日から1 年以内に契約不適合の通知をしなければ売主は契約不適合責任を負わない旨の特約があり、Ａは甲土地に土壌汚染があることを売買契約締結時点で知っていて告げていなかった。Ｂが引渡しの日から3 年が経過した時点で当該土壌汚染を発見して直ちにＡに通知した場合、Ａが宅地建物取引業者であるか否かによって、Ｂが損害賠償を請求できるか否かの結論が異なる。,売主は契約不適合責任を一切負わない旨の特約があり、Ｂは引渡しの日から1 年が経過した時点で土壌汚染を発見して直ちにＡに通知した。Ａが当該土壌汚染があることを重大な過失なく知らなかった場合、Ａが宅地建物取引業者であるか否かによって、Ｂが損害賠償を請求できるか否かの結論が異なる。,3,正解は 3 です。 契約不適合責任では、目的物が契約内容に適合しない場合に、追完請求、代金減額請求、損害賠償請求、解除が問題になります。通知期間や売主が宅建業者の場合の特約制限にも注意します。 この解説は学習用の要約です。法改正や判例変更があるため、実務では最新条文・判例も確認してください。,令和7年度宅地建物取引士資格試験 公式PDF,2025_p06.jpg,q_2025_10.jpg
R7-2025-011,2025,11,権利関係,False,FALSE,ＡがＢとの間で、Ａ所有の甲土地につき建物の所有を目的として一時使用目的ではない賃貸借契約（以下この問において「本件契約」という。）を締結する場合に関する次の記述のうち、借地借家法の規定及び判例によれば、正しいものはどれか。,甲土地にＢが賃借権の登記をしなくても、Ｂの配偶者であるＣを所有者として登記されている建物が甲土地上に存在する場合には、甲土地がＡからＤに売却されても、ＢはＤに対して甲土地に賃借権を有していることを主張できる。,本件契約の存続期間が50 年であり、契約の更新及び建物の築造による存続期間の延長がない旨を定める場合、一定期間地代を減額せず、その期間は地代の減額請求ができない旨の特約を有効に定めることができる。,本件契約が専らＢの事業の用に供する建物の所有を目的とし、存続期間が50 年である場合、契約の更新及び建物の築造による存続期間の延長がない旨、並びにＢが借地借家法第13 条の規定による建物の買取りの請求をしない旨の特約を書面で有効に定めることができる。,本件契約が公正証書によって行われていれば、専らＢの居住の用に供する建物の所有を目的とし、存続期間を20 年と定めていても、Ａは正当事由があれば、20 年が経過した時点で遅滞なく異議を述べて更新を拒絶することができる。,3,正解は 3 です。 借地借家法では、普通借地・定期借地・普通建物賃貸借・定期建物賃貸借の違いが重要です。存続期間、更新、終了、書面要件を整理します。 この解説は学習用の要約です。法改正や判例変更があるため、実務では最新条文・判例も確認してください。,令和7年度宅地建物取引士資格試験 公式PDF,2025_p07.jpg,q_2025_11.jpg
R7-2025-012,2025,12,権利関係,False,FALSE,Ａを賃貸人、Ｂを賃借人とする甲建物の賃貸借契約（定期建物賃貸借契約及び一時使用目的の建物の賃貸借契約を除く。以下この問において「本件契約」という。）に関する次の記述のうち、民法及び借地借家法の規定によれば、正しいものはどれか。,本件契約が期間の定めがないものである場合において、Ａ又はＢから相手方に対して解約の申入れをしたときは、当該申入れの日から6 か月を経過することによって、本件契約は終了する。,本件契約が期間を2 年とするものである場合において、Ａ及びＢのいずれも期間の満了の,年前から6 か月前までの間に相手方に対して更新をしない旨の通知をしなかったときは、本件契約は、期間を2 年として、従前の契約と同一の条件で更新されたものとみなされる。,ＡＢ間において、造作買取請求権は行使しない旨の特約があった場合、この特約は有効である。4 本件契約が借地借家法第39 条に規定する取壊し予定の建物の賃貸借であり、甲建物を取り壊すこととなる時に本件契約が終了する旨の特約を定める場合、本件契約は、公正証書によってしなければならない。,3,正解は 3 です。 借地借家法では、普通借地・定期借地・普通建物賃貸借・定期建物賃貸借の違いが重要です。存続期間、更新、終了、書面要件を整理します。 この解説は学習用の要約です。法改正や判例変更があるため、実務では最新条文・判例も確認してください。,令和7年度宅地建物取引士資格試験 公式PDF,2025_p07.jpg,q_2025_12.jpg
R7-2025-013,2025,13,権利関係,False,FALSE,建物の区分所有等に関する法律に関する次の記述のうち、誤っているものはどれか。,共用部分は、原則として区分所有者全員の共有に属するが、規約で別段の定めをすることを妨げず、管理者であっても、規約に特別の定めがあるときは、共用部分を所有することができる。,共用部分の持分の割合について、各共有者の共用部分の持分は、規約で別段の定めをしない限り、その有する専有部分の床面積の割合による。,集会の議事については、議長は、書面又は電磁的記録により、議事録を作成しなければならず、当該議事録には議事の経過の要領及びその結果を記載し、又は記録しなければならないとされているが、当該議事録が書面で作成されているときは、議長及び集会に出席した区分所有者全員がこれに署名しなければならない。,区分所有者が、建物の保存に有害な行為その他建物の管理又は使用に関し区分所有者の共同の利益に反する行為をした場合又はその行為をするおそれがある場合には、他の区分所有者の全員又は管理組合法人は、区分所有者の共同の利益のため、その行為を停止し、その行為の結果を除去し、又はその行為を予防するため必要な措置を執ることを請求することができる。,3,正解は 3 です。 建物では、構造、耐震性、劣化、維持管理、設備状況などが重要です。中古住宅では契約不適合やインスペクションにもつながります。 この解説は学習用の要約です。法改正や判例変更があるため、実務では最新条文・判例も確認してください。,令和7年度宅地建物取引士資格試験 公式PDF,2025_p08.jpg,q_2025_13.jpg
R7-2025-014,2025,14,権利関係,False,FALSE,不動産の登記に関する次の記述のうち、不動産登記法の規定によれば、誤っているものはどれか。,登記官は、一筆の土地の一部が別の地目となったときであっても、職権でその土地の分筆の登記をすることができない。,登記事項証明書の交付の請求は、請求情報を電子情報処理組織を使用して登記所に提供する方法によりすることができる。,権利に関する登記の申請は、法令に別段の定めがある場合を除き、登記権利者及び登記義務者が共同してしなければならない。,建物の合併の登記は、表題部所有者又は所有権の登記名義人以外の者は、申請することができない。,1,正解は 1 です。 権利関係は、民法・借地借家法などを中心に、契約の成立、効力、解除、対抗関係を判断する分野です。 この解説は学習用の要約です。法改正や判例変更があるため、実務では最新条文・判例も確認してください。,令和7年度宅地建物取引士資格試験 公式PDF,2025_p08.jpg,q_2025_14.jpg
R7-2025-015,2025,15,法令上の制限,False,FALSE,都市計画法に関する次の記述のうち、誤っているものはどれか。,風致地区は、都市の風致を維持するため定める地区であり、当該地区内における建築物の建築について、政令の定める基準に従い、地方公共団体の条例で、都市の風致を維持するため必要な規制をすることができる。,特定街区は、市街地の整備改善を図るため街区の整備又は造成が行われる地区について、その街区内における建築物の容積率並びに建築物の高さの最高限度及び壁面の位置の制限を定める街区である。,近隣商業地域は、近隣の住宅地の住民に対する日用品の供給を行うことを主たる内容とする商業その他の業務の利便を増進するため定める地域である。,生産緑地地区は、農業の利便の増進を図りつつ、これと調和した低層住宅に係る良好な住居の環境を保護するため定める地区である。,4,正解は 4 です。 都市計画法では、市街化区域・市街化調整区域、用途地域、開発許可の要否が重要です。区域区分と開発行為の制限をセットで確認します。 この解説は学習用の要約です。法改正や判例変更があるため、実務では最新条文・判例も確認してください。,令和7年度宅地建物取引士資格試験 公式PDF,2025_p09.jpg,q_2025_15.jpg
R7-2025-016,2025,16,法令上の制限,False,FALSE,都市計画法に関する次の記述のうち、正しいものはどれか。ただし、この問において条例による特別の定めはないものとし、「都道府県知事」とは、地方自治法に基づく指定都市、中核市及び施行時特例市にあってはその長をいうものとする。,市街化調整区域のうち開発許可を受けた開発区域以外の区域において行う、学校教育法に規定する学校の新築については、都道府県知事の許可が不要である。,開発行為とは、主として建築物の建築又は特定工作物の建設の用に供する目的で行う土地の区画形質の変更をいい、ゴルフコースの建設は開発行為にはあたらない。,"区域区分が定められていない都市計画区域において、商業施設の建築の用に供する目的で行う4,000 m2 の開発行為は都道府県知事の許可が不要である。",自己の居住の用に供する住宅の建築を目的として行う開発行為以外の開発行為にあっては、原則として開発区域内に建築基準法に規定する災害危険区域内の土地を含んではならない。,4,正解は 4 です。 都市計画法では、市街化区域・市街化調整区域、用途地域、開発許可の要否が重要です。区域区分と開発行為の制限をセットで確認します。 この解説は学習用の要約です。法改正や判例変更があるため、実務では最新条文・判例も確認してください。,令和7年度宅地建物取引士資格試験 公式PDF,2025_p09.jpg,q_2025_16.jpg
R7-2025-017,2025,17,法令上の制限,False,FALSE,建築基準法に関する次の記述のうち、誤っているものはどれか。,建築主は、建築確認が必要な建築物を建築しようとする場合は、当該建築物の計画を建築基準法令の規定に適合させるだけでなく、建築基準法令の規定以外の宅地造成及び特定盛土等規制法などの建築基準関係規定にも適合するものであることについて確認を受ける必要がある。,建築主は、2 階建ての木造住宅を新築しようとする場合は、当該工事に着手する前に、その計画が建築基準関係規定に適合するものであることについて、確認を受け、確認済証の交付を受ける措置が必要となるが、当該住宅の大規模の修繕をしようとする場合には、当該措置は不要である。,"延べ面積が1,000 m2 を超える木造建築物は、その外壁及び軒裏で延焼のおそれのある部分を防火構造としなければならない。",高さ1 m 以下の階段の部分には、手すりを設けなくてもよい。,2,正解は 2 です。 建築基準法では、接道義務、建ぺい率、容積率、用途制限、防火・準防火地域などが頻出です。特に道路幅員による容積率制限に注意します。 この解説は学習用の要約です。法改正や判例変更があるため、実務では最新条文・判例も確認してください。,令和7年度宅地建物取引士資格試験 公式PDF,2025_p10.jpg,q_2025_17.jpg
R7-2025-018,2025,18,法令上の制限,False,FALSE,次の記述のうち、建築基準法（以下この問において「法」という。）の規定によれば、正しいものはどれか。,都市再生特別地区内においては、建築物の容積率、建蔽率及び建築面積は当該地区に関する都市計画において定められた内容に適合するものでなければならないが、その高さは法第56 条の高さの制限に関する規定に適合させる必要がある。,"2 階建てかつ床面積1,000 m2 の飲食店は、第一種低層住居専用地域、第二種低層住居専用地域、第一種中高層住居専用地域、工業専用地域及び田園住居地域に建築することができない。",特定行政庁による認可を受けて公告された建築協定は、その後、当該協定の土地の所有者等の全員で合意したときに限り、その公告のあった日以後において当該建築協定区域内の土地の所有者等となった者に対しても効力が及ぶこととなる。,建築物のエネルギー消費性能の向上のため必要な外壁等に関する工事を行う場合、公益性が高いことから特定行政庁の許可を受けることなく、法第52 条の規定による容積率の限度を超えることができる。,2,正解は 2 です。 建築基準法では、接道義務、建ぺい率、容積率、用途制限、防火・準防火地域などが頻出です。特に道路幅員による容積率制限に注意します。 この解説は学習用の要約です。法改正や判例変更があるため、実務では最新条文・判例も確認してください。,令和7年度宅地建物取引士資格試験 公式PDF,2025_p10.jpg,q_2025_18.jpg
R7-2025-019,2025,19,法令上の制限,False,FALSE,宅地造成及び特定盛土等規制法に関する次の記述のうち、誤っているものはどれか。なお、この問において「都道府県知事」とは、地方自治法に基づく指定都市及び中核市にあってはその長をいうものとし、地方自治法に基づく施行時特例市に係る経過措置については考慮しないものとする。,工事主は、特定盛土等規制区域内において行われる特定盛土等又は土石の堆積に関する政令で定める規模の工事の許可の申請をするときは、あらかじめ、主務省令で定めるところにより、特定盛土等又は土石の堆積に関する工事の施行に係る土地の周辺地域の住民に対し、説明会の開催その他の当該特定盛土等又は土石の堆積に関する工事の内容を周知させるため必要な措置を講じなければならない。,宅地造成等工事規制区域内の土地の工事主又は工事施行者は、宅地造成等に伴う災害が生じないよう、その土地を常時安全な状態に維持するように努めなければならない。,都道府県知事は、宅地造成等工事規制区域内の土地について、宅地造成等に伴う災害の防止のために必要があると認める場合においては、その土地の所有者、管理者、占有者、工事主又は工事施行者に対して、擁壁等の設置等の必要な措置をとることを勧告することができる。,宅地造成等工事規制区域内において行われる宅地造成等に関する工事の許可を受けた工事主は、当該許可に係る土地の見やすい場所に、主務省令で定めるところにより、氏名又は名称その他の主務省令で定める事項を記載した標識を掲げなければならない。,2,正解は 2 です。 宅地造成・盛土規制では、災害防止の観点から、一定の工事に許可や届出が必要となる場合があります。区域指定と工事内容を確認します。 この解説は学習用の要約です。法改正や判例変更があるため、実務では最新条文・判例も確認してください。,令和7年度宅地建物取引士資格試験 公式PDF,2025_p11.jpg,q_2025_19.jpg
R7-2025-020,2025,20,法令上の制限,False,FALSE,土地区画整理法に関する次の記述のうち、誤っているものはどれか。,個人施行者は、その者以外に換地計画に係る区域内の宅地を所有する者（当該宅地の所有権について施行者に対抗することができない者を除く。）がある場合においては、換地計画について認可を申請しようとするときは、これらの者の同意を得なければならない。,国又は地方公共団体の所有する土地以外であって道路の用に供している土地については、土地区画整理事業の施行により当該道路に代わるべき道路が設置され、その結果、当該道路が廃止される場合等においては、換地計画において、当該土地について換地を定めないことができる。,従前の宅地の所有者及びその宅地について使用収益権を有する者が、仮換地について使用又は収益を開始することができる日を別に定められたため、従前の宅地について使用し、又は収益することができなくなったことにより損失を受けた場合においては、施行者は、その損失を受けた者に対して、通常生ずべき損失を補償しなければならない。,仮換地の指定があった日後、土地区画整理事業の施行による施行地区内の土地及び建物の変動に係る登記がされるまでの間は、登記の申請人が確定日付のある書類によりその指定前に登記原因が生じたことを証明した場合を除き、施行地区内の土地及び建物に関しては他の登記をすることができない。,4,正解は 4 です。 土地区画整理法では、仮換地、換地処分、清算金、保留地などの用語と効果を整理します。仮換地指定後の使用収益関係がポイントです。 この解説は学習用の要約です。法改正や判例変更があるため、実務では最新条文・判例も確認してください。,令和7年度宅地建物取引士資格試験 公式PDF,2025_p12.jpg,q_2025_20.jpg
R7-2025-021,2025,21,法令上の制限,False,FALSE,農地に関する次の記述のうち、農地法（以下この問において「法」という。）の規定によれば、誤っているものはどれか。,市街化区域外にある農地の転用の申請に係る事業が住宅の用に供される土地の造成だけを目的としている場合、申請に係る農地の全てを住宅の用に供することが確実と認められないときには、法第4 条第1 項又は法第5 条第1 項の許可を受けることができない。,仮設工作物を設置するため、市街化区域外にある農地の所有権を取得しようとする場合には、法第5 条第1 項の許可を受けることができない。,農地の賃貸借は、その登記がなくても、農地の引渡しがあったときは、これをもってその後その農地について所有権を取得した第三者に対抗することができる。,法人の代表者が、その法人の業務に関し、法第4 条第1 項又は法第5 条第1 項の規定に違反して農地の転用をした場合には、その代表者が罰せられるほか、その法人も300 万円以下の罰金刑が科せられる。,4,正解は 4 です。 農地法では、農地の権利移動、転用、転用目的の権利移動について、3条・4条・5条の違いを押さえます。市街化区域内の届出との違いも重要です。 この解説は学習用の要約です。法改正や判例変更があるため、実務では最新条文・判例も確認してください。,令和7年度宅地建物取引士資格試験 公式PDF,2025_p12.jpg,q_2025_21.jpg
R7-2025-022,2025,22,法令上の制限,False,FALSE,国土利用計画法第23 条の届出（以下この問において「事後届出」という。）に関する次の記述のうち、正しいものはどれか。,"市街化区域内においてＡが所有する面積3,500 m2 の土地について、Ｂが2,000 m2、Ｃが1,500 m2 とそれぞれ分割して購入した場合、Ｂ及びＣはともに事後届出を行わなければならない。","都市計画区域外においてＤが所有する面積12,000 m2 の土地について、Ｅが担保権の実行による競売を通じて所有権を取得した場合、Ｅは事後届出を行わなければならない。","Ｆが、自ら所有する市街化調整区域内の7,000 m2 の土地について、宅地建物取引業者Ｇと売買契約を締結した場合には、Ｇは契約を締結した日から1 か月以内に事後届出を行う必要がある。","市街化区域内に所在する一団の土地である甲土地（面積1,200 m2）と乙土地（面積1,300 m2）について、甲土地については売買によって所有権を取得し、乙土地については対価の授受を伴わず賃借権の設定を受けたＨは、事後届出を行う必要はない。",4,正解は 4 です。 国土利用計画法では、一定面積以上の土地取引について事後届出が必要となる場合があります。届出義務者、届出期限、対象面積を確認します。 この解説は学習用の要約です。法改正や判例変更があるため、実務では最新条文・判例も確認してください。,令和7年度宅地建物取引士資格試験 公式PDF,2025_p13.jpg,q_2025_22.jpg
R7-2025-023,2025,23,税・その他,False,FALSE,土地の売買による所有権の移転登記等に係る登録免許税の税率の軽減措置に関する次の記述のうち、正しいものはどれか。,この税率の軽減措置は、地目が雑種地となっている土地の売買による所有権の移転登記についても適用される。,"この税率の軽減措置の適用対象となる土地は、その価額が1,000 万円未満のものに限られる。",この税率の軽減措置は、法人が土地の売買による所有権の移転登記を受ける場合には適用されない。,"この税率の軽減措置の適用対象となる土地は、その面積が1,000 m2 未満のものに限られる。",1,正解は 1 です。 宅地建物取引業を営むには原則として免許が必要です。免許権者、免許換え、欠格事由、廃業等の届出などが出題されやすい論点です。 この解説は学習用の要約です。法改正や判例変更があるため、実務では最新条文・判例も確認してください。,令和7年度宅地建物取引士資格試験 公式PDF,2025_p13.jpg,q_2025_23.jpg
R7-2025-024,2025,24,税・その他,False,FALSE,固定資産税に関する次の記述のうち、正しいものはどれか。,住宅用地のうち小規模住宅用地（200 m2 以下）に対して課する固定資産税の課税標準は、当該小規模住宅用地に係る固定資産税の課税標準となるべき価格の3 分の1 の額である。,市町村長は、納税義務者等の求めに応じ、法令で定めるところにより固定資産課税台帳を閲覧に供しなければならない。ただし、当該部分に記載されている住所が明らかにされることにより人の生命又は身体に危害を及ぼすおそれがある場合、当該住所を削除する等の措置を講じたもの又はその写しを閲覧に供することができる。,市町村は、土地、家屋又は償却資産に対して課する固定資産税額が、土地にあっては30万円、家屋にあっては20 万円、償却資産にあっては150 万円に満たない場合においては、原則として固定資産税を課することができない。,固定資産税は、固定資産の所有者として、登記簿又は土地補充課税台帳若しくは家屋補充課税台帳に所有者として登記又は登録されている者に対して課されるため、所有者として登記又は登録されている個人が賦課期日前に死亡している場合、固定資産課税台帳に新たな所有者が登録されていなければ何人に対しても固定資産税を課することはできない。,2,正解は 2 です。 固定資産税は、原則として毎年1月1日時点の固定資産の所有者に課される地方税です。課税標準や住宅用地特例も重要です。 この解説は学習用の要約です。法改正や判例変更があるため、実務では最新条文・判例も確認してください。,令和7年度宅地建物取引士資格試験 公式PDF,2025_p14.jpg,q_2025_24.jpg
R7-2025-025,2025,25,税・その他,False,FALSE,不動産の鑑定評価に関する次の記述のうち、不動産鑑定評価基準によれば、誤っているものはどれか。,価格形成要因のうち個別的要因とは、一般経済社会における不動産のあり方及びその価格の水準に影響を与える要因をいい、自然的要因、社会的要因、経済的要因及び行政的要因に大別される。,収益還元法は、賃貸用不動産又は賃貸以外の事業の用に供する不動産の価格を求める場合に特に有効な手段であり、自用の不動産であっても賃貸を想定することにより適用される。,原価法における減価修正の方法としては、耐用年数に基づく方法と、観察減価法の2 つの方法があり、これらは併用するものとする。,対象建築物に関する工事が完了していない場合でも、当該工事の完了を前提として鑑定評価を行うことがある。,1,正解は 1 です。 不動産鑑定評価や地価公示では、価格形成要因、鑑定評価手法、公示価格の位置づけが問われます。 この解説は学習用の要約です。法改正や判例変更があるため、実務では最新条文・判例も確認してください。,令和7年度宅地建物取引士資格試験 公式PDF,2025_p14.jpg,q_2025_25.jpg
R7-2025-026,2025,26,宅建業法,True,FALSE,"宅地建物取引業者Ａ（消費税課税事業者）及び宅地建物取引業者Ｂ（消費税課税事業者）が受領した報酬に関するアからウの記述のうち、宅地建物取引業法の規定によれば、誤っているものを全て掲げたものは1 から4 のうちどれか。なお、代理、媒介に当たり、広告の依頼は行われていないものとする。ア Ａが単独で貸主と借主の双方から店舗用建物の貸借の媒介の依頼を受け、1 か月の借賃24 万円（消費税等相当額を含まない。）、権利金1,400 万円（権利設定の対価として支払われるもので、返還されないものをいい、消費税等相当額を含まない。）の賃貸借契約を成立させ、依頼者の双方からそれぞれ52 万8,000 円を報酬として受領したことは、宅地建物取引業法に違反する。イ 現に長期間にわたって居住の用、事業の用その他の用途に供されておらず、かつ将来にわたり居住の用、事業の用その他の用途に供される見込みがない宅地（1 か月の借賃5 万円。消費税等相当額を含まない。）について、Ａは貸主から代理を依頼され、Ｂは借主から代理を依頼され、賃貸借契約が成立したので、Ａは貸主から4 万円を、Ｂは、代理の依頼を受けるに当たって、報酬が借賃の1.1 か月分を超えることについて借主から承諾を得たうえで、借主から7 万円を報酬として受領したことは、宅地建物取引業法に違反しない。ウ Ａは売主から媒介の依頼を、Ｂは買主から媒介の依頼を、それぞれ受けて、代金200 万円（消費税等相当額を含み、土地代金は90 万円である。）の土地付建物の売買契約を成立させた場合に、依頼者と宅地建物取引業者との間であらかじめ報酬の額を定めていなかったときは、売主はＡに対して少なくとも10 万4,500 円、買主はＢに対して少なくとも10 万4,500円を支払わなければならない。",ア、イ,イ、ウ,ア、ウ,ア、イ、ウ,4,正解は 4 です。 媒介契約では、契約類型ごとの書面交付、指定流通機構への登録、業務処理状況の報告義務などが問われます。専任・専属専任・一般媒介の違いを整理することが重要です。 この解説は学習用の要約です。法改正や判例変更があるため、実務では最新条文・判例も確認してください。,令和7年度宅地建物取引士資格試験 公式PDF,2025_p15.jpg,q_2025_26.jpg
R7-2025-027,2025,27,宅建業法,False,FALSE,宅地建物取引業者が行う宅地建物取引業法第35 条に規定する重要事項の説明及び重要事項説明書の交付に関する次の記述のうち、正しいものはどれか。ただし、説明の相手方は宅地建物取引業者ではないものとする。,宅地建物取引業者は、区分所有建物の売買の媒介を行う場合に、当該一棟の建物及びその敷地の管理が法人に委託されているときは、その委託を受けている法人の商号又は名称及び主たる事務所の所在地を説明しなければならない。,宅地建物取引業者は、自身が売主となる場合に、重要事項説明書の交付に当たり、専任の宅地建物取引士をして当該書面に記名させなければならず、また、買主にも当該書面に記名させなければならない。,宅地建物取引業者は、重要事項を説明する際には、宅地建物取引業者の事務所において行わなければならない。,宅地建物取引業者は、自身が売主となる場合であっても、買主に対して、天災その他不可抗力による損害の負担に関する定めがあるときは、その内容を説明しなければならない。,1,正解は 1 です。 宅建業法35条の重要事項説明では、契約前に買主・借主が判断するために重要な事項を説明します。説明できるのは宅地建物取引士で、取引士証の提示や重要事項説明書への記名などがポイントです。 この解説は学習用の要約です。法改正や判例変更があるため、実務では最新条文・判例も確認してください。,令和7年度宅地建物取引士資格試験 公式PDF,2025_p16.jpg,q_2025_27.jpg
R7-2025-028,2025,28,宅建業法,True,FALSE,宅地建物取引業者の業務に関する次の記述のうち、宅地建物取引業法（以下この問において「法」という。）の規定によれば、正しいものはいくつあるか。ア 自ら売主として販売する宅地又は建物の広告に取引態様の別を明示しなかった場合は、罰則の対象とはならないが監督処分の対象となり、宅地又は建物の規模について著しく事実に相違する表示をした場合は、罰則の対象にも監督処分の対象にもなる。イ 自ら売主として土地付建物の売買契約を締結しようとする場合、当該土地上に建てようとする建物が建築確認申請前であっても、広告することはできるが、建築確認を受けるまで、契約を締結することはできない。ウ 宅地建物取引業者は、自ら売主として、宅地建物取引業者である買主との間で、自ら所有しない造成前の宅地の売買契約を締結するためには、法第41 条の規定による手付金等の保全措置を講じ、かつ、売主である宅地建物取引業者が当該宅地を取得する契約を締結しなければならない。エ 宅地建物取引業者は、宅地の売買の専属専任媒介契約を締結した場合、当該媒介契約締結の日から5 日以内（休業日を除く。）に、当該宅地について指定流通機構に所定の事項を登録しなければならない。,一つ,二つ,三つ,なし,2,正解は 2 です。 媒介契約では、契約類型ごとの書面交付、指定流通機構への登録、業務処理状況の報告義務などが問われます。専任・専属専任・一般媒介の違いを整理することが重要です。 この解説は学習用の要約です。法改正や判例変更があるため、実務では最新条文・判例も確認してください。,令和7年度宅地建物取引士資格試験 公式PDF,2025_p16.jpg,q_2025_28.jpg
R7-2025-029,2025,29,宅建業法,False,FALSE,宅地建物取引業者Ａが宅地建物取引業法第37 条の規定により交付すべき書面（以下この問において「37 条書面」という。）に関する次の記述のうち、正しいものはどれか。,Ａが媒介により事業用宅地の賃貸借契約を成立させた場合、37 条書面を交付しなければならないが、契約の当事者Ｂが宅地建物取引業者であるときは、交付する必要はない。,Ａが自ら売主としてＣと既存の建物の売買契約を締結した場合、建物の構造耐力上主要な部分等の状況について当事者の双方が確認した事項を37 条書面に記載しなければならない。,ＡがＤを売主としＥを買主とする宅地の売買契約を媒介した場合、天災その他不可抗力による損害の負担に関する定めがないときは、定めがない旨を37 条書面に記載しなければならない。,Ａが自ら売主としてＦと建物の売買契約を締結した場合、代金についての金銭の貸借のあっせんに関する定めがある場合における当該あっせんに係る金銭の貸借が成立しないときの措置については、37 条書面に記載する必要はない。,2,正解は 2 です。 建物では、構造、耐震性、劣化、維持管理、設備状況などが重要です。中古住宅では契約不適合やインスペクションにもつながります。 この解説は学習用の要約です。法改正や判例変更があるため、実務では最新条文・判例も確認してください。,令和7年度宅地建物取引士資格試験 公式PDF,2025_p17.jpg,q_2025_29.jpg
R7-2025-030,2025,30,宅建業法,True,FALSE,"いずれも宅地建物取引業者であるＡ社、Ｂ社及びＣ社（以下この問において「売主ら」という。）が、分譲マンションを共同で建築、販売することとなり、建築確認を受けた後、工事完了前にその一室を5,000 万円で宅地建物取引業者ではない個人である買主に売却しようとする場合に関する次の記述のうち、宅地建物取引業法（以下この問において「法」という。）に違反するものはいくつあるか。ア 売主らは、共同する全社が各個に重要事項説明を実施すると、かえって買主を混乱させると考え、買主の了解を得た上で、Ａ社1 社を幹事社とし、Ａ社の宅地建物取引士が単独で重要事項説明書に記名のうえ、買主に交付し説明を行った。イ 売主らは、Ａ社の事務所において買主から買受けの申込みを受け、売買契約を締結したが、売主らは当該売買契約には法第37 条の2 の規定に基づくいわゆるクーリング・オフの適用はないと判断し、クーリング・オフについて買主に告げる書面の交付は行わなかった。ウ 売主らは、当該物件については、重要事項説明の時点では共用部分に関する規約が案であるので、買主の了解を得た上で、契約締結後に決定した規約を交付することとし、重要事項説明書への記載は省略した。エ 売主らは買主から手付金500 万円を受領することとしたが、手付金の保全措置を講じる必要はないと判断し、手付金保全措置の概要について重要事項説明書への記載は省略した。",一つ,二つ,三つ,四つ,3,正解は 3 です。 宅建業法35条の重要事項説明では、契約前に買主・借主が判断するために重要な事項を説明します。説明できるのは宅地建物取引士で、取引士証の提示や重要事項説明書への記名などがポイントです。 この解説は学習用の要約です。法改正や判例変更があるため、実務では最新条文・判例も確認してください。,令和7年度宅地建物取引士資格試験 公式PDF,2025_p17.jpg,q_2025_30.jpg
R7-2025-031,2025,31,宅建業法,True,FALSE,次の記述のうち、宅地建物取引業法により禁止されている行為が含まれているものはいくつあるか。ア 宅地建物取引士が、マンション販売の勧誘を電話で行うにあたり、まず、契約締結について勧誘する目的である旨を告げたうえで、自分の名前は名乗らず、自身の勤務する宅地建物取引業者の名称及び免許番号を伝えたうえで勧誘を行った。イ 宅地建物取引業者が、賃貸マンションの媒介で入居申込者から申込みを受け付けたところ、当該マンションのオーナーからの審査回答待ちとなった。その後、入居申込者が、申込みを撤回したい旨電話で伝えたところ、当該宅地建物取引業者の従業員から声を荒げ「撤回をするなら、とりあえず事務所まで来てくれないと困る」と怒鳴られ、面会を強要された。申込者はその言動に不安を覚えたため、事務所に赴いて、申込みの撤回を申し出たところ、申込みの撤回が了承された。ウ 宅地建物取引業者が、一時的にアルバイトを雇って、マンション販売の広告チラシの配布を行わせることとしたほか、契約書の作成業務も補助的に行わせるため、従業者証明書をその者に発行し、それらの業務を行わせた。ただし、そのアルバイトはマンション販売の広告チラシの配布の際には、従業者証明書を携帯していなかった。エ マンションの販売の勧誘における説明において、宅地建物取引士は、日当たりのよいマンションの購入希望者に対して、「マンション南側の月極駐車場は出来たばかりであり、将来にわたりそこにマンションなどの高層の建物が建つ予定は全くない」と説明し、購入希望者から購入申込みを受け付けた。,一つ,二つ,三つ,四つ,4,正解は 4 です。 媒介契約では、契約類型ごとの書面交付、指定流通機構への登録、業務処理状況の報告義務などが問われます。専任・専属専任・一般媒介の違いを整理することが重要です。 この解説は学習用の要約です。法改正や判例変更があるため、実務では最新条文・判例も確認してください。,令和7年度宅地建物取引士資格試験 公式PDF,2025_p18.jpg,q_2025_31.jpg
R7-2025-032,2025,32,宅建業法,False,FALSE,"宅地建物取引業者Ａが、自ら売主として、宅地建物取引業者ではないＢとの間でマンション（代金4,000 万円）の売買契約を締結した場合に関する次の記述のうち、宅地建物取引業法（以下この問において「法」という。）の規定に違反しないものはどれか。",Ａは、建築工事完了前のマンションの売買契約を締結する際にＢから手付金200 万円を受領し、さらに建築工事中に200 万円を中間金として受領した後、当該手付金と中間金について法第41 条に定める保全措置を講じた。,Ａは、建築工事完了後のマンションの売買契約を締結する際に、法第41 条の2 に定める保全措置を講じることなくＢから手付金400 万円を受領した。,Ａは、建築工事完了前のマンションの売買契約を締結する際にＢから手付金500 万円を受領したが、Ｂに債務不履行がないにもかかわらず当該手付金500 万円を返還して、契約を一方的に解除した。,"Ａは、建築工事完了後のマンションの売買契約を締結する際に、当事者の債務の不履行を理由とする契約の解除に伴う損害賠償の予定額を1,000 万円とする特約を定めた。",2,正解は 2 です。 建物では、構造、耐震性、劣化、維持管理、設備状況などが重要です。中古住宅では契約不適合やインスペクションにもつながります。 この解説は学習用の要約です。法改正や判例変更があるため、実務では最新条文・判例も確認してください。,令和7年度宅地建物取引士資格試験 公式PDF,2025_p19.jpg,q_2025_32.jpg
R7-2025-033,2025,33,宅建業法,True,FALSE,宅地建物取引業者Ａが行う業務に関する次の記述のうち、宅地建物取引業法の規定によれば、誤っているものはいくつあるか。なお、この問において「37 条書面」とは、同法第37 条の規定により交付すべき書面をいうものとする。ア 建物の賃貸借の媒介をするＡは、当該建物の引渡しの時期について、重要事項説明書に記載して説明する必要はないが、37 条書面には記載しなければならない。イ Ａは、自ら売主として建物を売却する場合、重要事項説明書に記載しなければならない契約の解除に関する事項については、契約に定めがなくても37 条書面に全て記載しなければならない。ウ Ａは、売主を代理して、抵当権が登記されている建物を売却する場合、買主に交付する37 条書面だけでなく、売主に交付する37 条書面についても、当該抵当権の内容を記載しなければならない。エ 建物の賃貸借の媒介をするＡは、37 条書面を交付するに当たり、宅地建物取引士をして、その内容を説明させなければならない。,一つ,二つ,三つ,四つ,3,正解は 3 です。 宅建業法35条の重要事項説明では、契約前に買主・借主が判断するために重要な事項を説明します。説明できるのは宅地建物取引士で、取引士証の提示や重要事項説明書への記名などがポイントです。 この解説は学習用の要約です。法改正や判例変更があるため、実務では最新条文・判例も確認してください。,令和7年度宅地建物取引士資格試験 公式PDF,2025_p19.jpg,q_2025_33.jpg
R7-2025-034,2025,34,宅建業法,True,FALSE,宅地建物取引業の免許（以下この問において「免許」という。）に関する次の記述のうち、宅地建物取引業法の規定によれば、正しいものはいくつあるか。ア Ａ社の政令で定める使用人Ｂは、刑法第234 条（威力業務妨害）の罪により、懲役2 年、執行猶予2 年の刑に処せられた後、Ａ社を退任し、新たにＣ社の政令で定める使用人に就任した。Ｂの執行猶予期間が満了していない場合に、Ｃ社が免許を申請しても、免許を受けることができない。イ Ｄ社は、不正の手段により免許を取得したことによる免許の取消処分に係る聴聞の期日及び場所が公示された日から当該処分がなされるまでの間に、宅地建物取引業法第11 条の規定による廃業の届出をした。その廃業に相当の理由がなかった場合、当該公示の日の40 日前にＤ社の取締役を退任したＥは、当該届出から5 年経過しなければ、免許を申請しても免許を受けることができない。ウ 営業に関し成年者と同一の行為能力を有しない未成年者であるＦの法定代理人であるＧが、刑法第206 条（現場助勢）の罪により罰金の刑に処せられていた場合、その刑の執行が終わった日から5 年を経過していなくても、Ｆは免許を申請すれば免許を受けることができる。エ Ｈ社の政令で定める使用人Ｊは、裁判所へＪ自身の破産申し立てを行った後、Ｈ社を退任し、裁判所から破産手続の開始決定を受けるまでの間に、新たにＫ社の政令で定める使用人に就任した。その後、Ｊが復権を得た場合、その日から5 年を経過しなくても、Ｋ社が免許を申請すれば、免許を受けることができる。,一つ,二つ,三つ,四つ,3,正解は 3 です。 宅地建物取引業を営むには原則として免許が必要です。免許権者、免許換え、欠格事由、廃業等の届出などが出題されやすい論点です。 この解説は学習用の要約です。法改正や判例変更があるため、実務では最新条文・判例も確認してください。,令和7年度宅地建物取引士資格試験 公式PDF,2025_p20.jpg,q_2025_34.jpg
R7-2025-035,2025,35,宅建業法,False,FALSE,宅地建物取引業者Ａ（甲県知事免許）の営業保証金に関する次の記述のうち、宅地建物取引業法の規定によれば、正しいものはどれか。なお、Ａは宅地建物取引業保証協会の社員ではないものとする。,免許の有効期間満了の際、Ａが営業保証金を取り戻そうとする場合には、供託した営業保証金につき還付を受ける権利を有する者に対し、6 か月を下らない一定期間内に申し出るべき旨を官報に公告しなければならない。,Ａが営業保証金を供託する場合において、金銭と有価証券を併用して供託することができるが、従たる事務所を設置したときの営業保証金については、金銭のみをもって供託しなければならない。,Ａは、事業の開始後新たに乙県に従たる事務所を設置したときは、従たる事務所の最寄りの供託所に営業保証金を供託し、その供託物受入の記載のある供託書の写しを添付して、その旨を甲県知事に届け出なければならない。,Ａの設置した支店においてＡと宅地建物取引業に関する取引をした者は、その取引により生じた債権に関し、500 万円を限度としてその債権の弁済を受ける権利を有する。,1,正解は 1 です。 宅地建物取引業を営むには原則として免許が必要です。免許権者、免許換え、欠格事由、廃業等の届出などが出題されやすい論点です。 この解説は学習用の要約です。法改正や判例変更があるため、実務では最新条文・判例も確認してください。,令和7年度宅地建物取引士資格試験 公式PDF,2025_p21.jpg,q_2025_35.jpg
R7-2025-036,2025,36,宅建業法,True,FALSE,宅地建物取引業者Ａの業務に関する次の記述のうち、宅地建物取引業法の規定によれば、禁止されているものはいくつあるか。ア Ａの従業者は、電話によりＢに投資用マンションの購入の勧誘を行った際、Ｂから「Ａから購入する意思は一切無いので、今後電話を含め勧誘はしないでほしい。」と告げられたが、その翌日、Ｂに対し、再度の勧誘を行った。イ 建物の購入希望者から「契約の締結についてしばらく考えさせてほしい。」という申し出があったので、Ａの従業者は、他に買い手がいないにもかかわらず、「他に買い手がいるので、今日中しか契約の締結はできない。」と当該購入希望者に告げた。ウ Ａの従業者は、建物の購入希望者に対して、長時間にわたり契約の締結をするための勧誘を行い、当該購入希望者を困惑させた。エ 建物の売買を媒介しているＡの従業者は、手持ち資金がない購入希望者に対して「手付金は当社が貸し付けるので後から返してくれれば構わない。」と告げて、契約の締結を誘引したが、契約には至らなかった。,一つ,二つ,三つ,四つ,4,正解は 4 です。 媒介契約では、契約類型ごとの書面交付、指定流通機構への登録、業務処理状況の報告義務などが問われます。専任・専属専任・一般媒介の違いを整理することが重要です。 この解説は学習用の要約です。法改正や判例変更があるため、実務では最新条文・判例も確認してください。,令和7年度宅地建物取引士資格試験 公式PDF,2025_p21.jpg,q_2025_36.jpg
R7-2025-037,2025,37,宅建業法,False,FALSE,宅地建物取引業者が行う宅地建物取引業法第35 条に規定する重要事項の説明に関する次の記述のうち、正しいものはどれか。なお、説明の相手方は宅地建物取引業者ではないものとする。,建物の貸借の媒介を行う場合、当該建物が都市計画法の準防火地域内にあり、建築基準法第61 条第1 項に基づく建物の構造に係る制限があるときは、その概要を説明しなければならない。,マンションの分譲を行う場合、建物の区分所有等に関する法律第2 条第3 項に規定する専用部分の用途その他の利用の制限に関する規約の定めが案の段階であるときは、説明する必要はない。,建物の貸借の媒介を行う場合、借賃以外に授受される金銭の額、授受の目的及び保管方法を説明しなければならない。,鉄筋コンクリート造の既存の共同住宅の販売を行う場合、宅地建物取引業法第34 条の2第1 項第4 号に規定する建物状況調査を1 年6 か月前に実施したときは、建物状況調査を実施したこと、その結果の概要について説明しなくてはならない。,4,正解は 4 です。 宅建業法35条の重要事項説明では、契約前に買主・借主が判断するために重要な事項を説明します。説明できるのは宅地建物取引士で、取引士証の提示や重要事項説明書への記名などがポイントです。 この解説は学習用の要約です。法改正や判例変更があるため、実務では最新条文・判例も確認してください。,令和7年度宅地建物取引士資格試験 公式PDF,2025_p22.jpg,q_2025_37.jpg
R7-2025-038,2025,38,宅建業法,True,FALSE,宅地建物取引業者Ａが行う業務に関する次の記述のうち、宅地建物取引業法の規定によれば、誤っているものはいくつあるか。ア Ａは、宅地又は建物の売買に関する広告をする際に取引態様の別を明示した場合、当該広告を見た者から売買に関する注文を受けたときは、改めて取引態様の別を明示する必要はない。イ Ａは、宅地の売買に関する広告をするに当たり、当該宅地の形質について、実際のものよりも著しく優良であると人を誤認させる表示をした場合、当該宅地に関する注文がなく、売買が成立しなかったときであっても、監督処分及び罰則の対象となる。ウ Ａは、複数の区画がある宅地の売買について、数回に分けて広告をする予定でいる場合、最初に行う広告に取引態様の別を明示すれば足り、それ以降は明示する必要はない。エ Ａは、建物の貸借の媒介において、依頼者の依頼によらない広告をした場合、国土交通大臣の定める報酬限度額となる媒介報酬のほか、当該広告の料金に相当する額を受領できる。,一つ,二つ,三つ,四つ,3,正解は 3 です。 媒介契約では、契約類型ごとの書面交付、指定流通機構への登録、業務処理状況の報告義務などが問われます。専任・専属専任・一般媒介の違いを整理することが重要です。 この解説は学習用の要約です。法改正や判例変更があるため、実務では最新条文・判例も確認してください。,令和7年度宅地建物取引士資格試験 公式PDF,2025_p22.jpg,q_2025_38.jpg
R7-2025-039,2025,39,宅建業法,False,FALSE,宅地建物取引業者Ａが、ＢからＢ所有の中古住宅の売却について媒介の依頼を受けた場合における次の記述のうち、宅地建物取引業法（以下この問において「法」という。）の規定によれば、正しいものはどれか。,ＡがＢとの間で専属専任媒介契約を締結し、Ｂから「売り出し中であることを秘密にしておきたいので指定流通機構への登録はしないでほしい」旨の申出があった場合、Ａは、そのことを理由に登録をしなかったとしても法に違反しない。,Ａは、Ｂとの間で有効期間を1 か月とする専属専任媒介契約を締結する際、「Ｂが媒介契約を更新する旨を申し出ない場合は、有効期間満了により自動更新するものとする」旨の特約は有効である。,ＡがＢと一般媒介契約を締結したときは、法第34 条の2 第1 項の規定に基づき交付すべき書面に、宅地建物取引士をして記名させなければならない。,ＡがＢとの間で専属専任媒介契約を締結した場合、Ａは、当該中古住宅の取引の申込みの受付に関する状況を指定流通機構に登録しなければならない。,4,正解は 4 です。 媒介契約では、契約類型ごとの書面交付、指定流通機構への登録、業務処理状況の報告義務などが問われます。専任・専属専任・一般媒介の違いを整理することが重要です。 この解説は学習用の要約です。法改正や判例変更があるため、実務では最新条文・判例も確認してください。,令和7年度宅地建物取引士資格試験 公式PDF,2025_p23.jpg,q_2025_39.jpg
R7-2025-040,2025,40,宅建業法,True,FALSE,宅地建物取引業者Ａが、自ら売主として、宅地建物取引業者Ｂの媒介により、宅地建物取引業者ではない買主Ｃとの間で宅地の売買契約を締結した場合、宅地建物取引業法第37 条の2 の規定に基づくいわゆるクーリング・オフに関する次の記述のうち、正しいものはいくつあるか。ア Ｃは、Ｂの事務所で買受けの申込みを行い、その3 日後に、Ｃの自宅近くの喫茶店で売買契約を締結した場合、クーリング・オフによる契約の解除はできない。イ ＡとＣの間で、クーリング・オフによる契約の解除に関し、Ｃは契約の解除の書面をクーリング・オフの告知の日から起算して8 日以内にＡに到達させなければ契約を解除することができない旨の特約を定めた場合、当該特約は無効である。ウ Ｃは、Ｂからの提案によりＣの自宅で買受けの申込みを行ったが、クーリング・オフについては告げられず、その10 日後に、Ａの事務所で売買契約を締結した場合、クーリング・オフによる契約の解除はできない。エ クーリング・オフについてＣに告げる書面には、Ａの商号又は名称及び住所並びに免許証番号を記載しなければならないが、Ｂの商号又は名称及び住所並びに免許証番号の記載は必要ない。,一つ,二つ,三つ,なし,3,正解は 3 です。 媒介契約では、契約類型ごとの書面交付、指定流通機構への登録、業務処理状況の報告義務などが問われます。専任・専属専任・一般媒介の違いを整理することが重要です。 この解説は学習用の要約です。法改正や判例変更があるため、実務では最新条文・判例も確認してください。,令和7年度宅地建物取引士資格試験 公式PDF,2025_p23.jpg,q_2025_40.jpg
R7-2025-041,2025,41,宅建業法,False,FALSE,宅地建物取引業の免許（以下この問において「免許」という。）に関する次の記述のうち、宅地建物取引業法の規定によれば、正しいものはどれか。,宅地建物取引業者Ａ（甲県知事免許）が免許を受けてから1 年以内に事業を開始しないときは、甲県知事は免許を取り消さなければならない。,宅地建物取引業者Ｂ（甲県知事免許）が株主総会の決議により解散した場合、Ｂを代表する役員であった者は、その旨を当該解散の日から60 日以内に甲県知事に届け出なければならない。,宅地建物取引業者ではないＣが甲県に本店を、乙県に支店をそれぞれ有する場合で、乙県の支店のみで新たに宅地建物取引業を営もうとするときは、Ｃは乙県知事の免許を受けなければならない。,宅地建物取引業者Ｄ（甲県知事免許）は、甲県の事務所を廃止し、乙県内で新たに事務所を設置して宅地建物取引業を営もうとする場合、甲県知事へ廃業の届出を行うとともに、乙県知事への免許換えの申請を行わなければならない。,1,正解は 1 です。 宅地建物取引業を営むには原則として免許が必要です。免許権者、免許換え、欠格事由、廃業等の届出などが出題されやすい論点です。 この解説は学習用の要約です。法改正や判例変更があるため、実務では最新条文・判例も確認してください。,令和7年度宅地建物取引士資格試験 公式PDF,2025_p24.jpg,q_2025_41.jpg
R7-2025-042,2025,42,宅建業法,True,FALSE,宅地建物取引士に関する次の記述のうち、宅地建物取引業法の規定によれば、正しいものはいくつあるか。なお、この問において、宅地建物取引士は、事務の禁止の処分を受けていないものとする。ア 二つ以上の都道府県において宅地建物取引士資格試験に合格した者は、当該試験を行った都道府県のうち試験日が遅い都道府県知事の登録以外を受けることができない。イ 宅地建物取引士は、その登録している勤務先の名称に変更があった場合、登録を受けている都道府県知事に、変更の登録の申請とあわせて、宅地建物取引士証の書換え交付を申請しなければならない。ウ 宅地建物取引士は、宅地建物取引士証が効力を失ったときは、速やかに、宅地建物取引士証をその交付を受けた都道府県知事に返納しなければならない。エ 宅地建物取引士は、登録を受けている都道府県知事の管轄する都道府県以外の都道府県に所在する宅地建物取引業者の事務所の業務に従事しているときは、登録の移転の申請をすることができる。,一つ,二つ,三つ,四つ,2,正解は 2 です。 建物では、構造、耐震性、劣化、維持管理、設備状況などが重要です。中古住宅では契約不適合やインスペクションにもつながります。 この解説は学習用の要約です。法改正や判例変更があるため、実務では最新条文・判例も確認してください。,令和7年度宅地建物取引士資格試験 公式PDF,2025_p24.jpg,q_2025_42.jpg
R7-2025-043,2025,43,宅建業法,True,FALSE,宅地建物取引業者が行う宅地建物取引業法第35 条に規定する重要事項の説明に関する次の記述のうち、正しいものはいくつあるか。なお、説明の相手方は宅地建物取引業者ではないものとする。ア 自らを委託者とする宅地又は建物に係る信託の受益権の売主となる場合、相手方に金融商品取引法第2 条第10 項に規定する目論見書を交付し、宅地建物取引業法第35 条第3 項の規定に基づき説明すべき事項のすべてが当該目論見書に記載されているときは、重要事項説明書の交付及び説明を省略することができる。イ 建物の貸借の媒介を行う場合、当該建物が建築工事の完了前のものであるときは、その完了時における当該建物の主要構造部、内装及び外装の構造又は仕上げ並びに設備の設置及び構造について説明しなければならない。ウ 建物の貸借の媒介を行う場合、敷金その他いかなる名義をもって授受されるかを問わず、契約終了時において精算することとされている金銭の精算に関する事項を説明しなければならない。エ 宅地の売買の媒介を行う場合、当該宅地が津波防災地域づくりに関する法律第21 条第1項により指定された津波防護施設区域内にあるときは、同法第23 条第1 項の規定による制限の概要について説明しなければならない。,一つ,二つ,三つ,四つ,4,正解は 4 です。 宅建業法35条の重要事項説明では、契約前に買主・借主が判断するために重要な事項を説明します。説明できるのは宅地建物取引士で、取引士証の提示や重要事項説明書への記名などがポイントです。 この解説は学習用の要約です。法改正や判例変更があるため、実務では最新条文・判例も確認してください。,令和7年度宅地建物取引士資格試験 公式PDF,2025_p25.jpg,q_2025_43.jpg
R7-2025-044,2025,44,宅建業法,False,FALSE,宅地建物取引業者は、犯罪による収益の移転防止に関する法律第2 条第2 項の特定事業者に該当するが、宅地建物取引業者Ａの行為に関する次の記述のうち、同法に違反するものはどれか。,Ａは、土地付建物の売買を行うに際して、当該売買契約の相手方である買主が自然人であったので、氏名、住居、生年月日、取引を行う目的及び職業について、確認した。,"Ａは、価額が5,000 万円の土地付建物の売買を行ったとき、直ちに、一定の方法により、当該売買契約の相手方である買主の確認記録を検索するための事項、当該取引の期日及び内容その他の事項に関する記録を作成して保存していたが、当該取引の行われた日から5 年経過したので、当年度末に当該記録を廃棄した。",Ａは、土地付建物の売買契約の相手方である買主から収受した代金について犯罪により得た収益であるとの疑いがあったので、速やかに、所定の事項を行政庁に届け出た。,Ａは、取引時確認、取引記録等の保存、疑わしい取引の届出等の措置を的確に行うため、顧客と実際に接する営業担当者に対する教育訓練を実施した。,2,正解は 2 です。 建物では、構造、耐震性、劣化、維持管理、設備状況などが重要です。中古住宅では契約不適合やインスペクションにもつながります。 この解説は学習用の要約です。法改正や判例変更があるため、実務では最新条文・判例も確認してください。,令和7年度宅地建物取引士資格試験 公式PDF,2025_p26.jpg,q_2025_44.jpg
R7-2025-045,2025,45,宅建業法,False,FALSE,特定住宅瑕疵担保責任の履行の確保等に関する法律に基づく住宅販売瑕か疵し担保保証金（以下この問において「保証金」という。）の供託又は住宅販売瑕か疵し担保責任保険契約（以下この問において「保険契約」という。）の締結に関する次の記述のうち、正しいものはどれか。,宅地建物取引業者は、基準日から3 週間を経過する日までの間において、当該基準日前15 年間に自ら売主となる売買契約に基づき宅地建物取引業者ではない買主に引き渡した新築住宅（保険契約に係る新築住宅を除く。）について、保証金の供託をしていなければならない。,宅地建物取引業者は、自ら売主となる売買契約に基づき新築住宅を引き渡す場合だけでなく、新築住宅の売買の媒介をする場合においても、保証金の供託又は保険契約の締結をしなければならない。,保険契約を締結している宅地建物取引業者は、新築住宅を引き渡した時から10 年間、構造耐力上主要な部分の瑕か疵しによって生じた損害についてのみ当該保険契約に係る保険金を請求することができる。,保険契約を締結している宅地建物取引業者及び当該業者が売主となっている新築住宅の買主は、指定住宅紛争処理機関に特別住宅紛争処理の申請をすることにより、当該新築住宅の売買契約に関する宅地建物取引業者と買主との間の紛争について、あっせん、調停又は仲裁を受けることができる。,4,正解は 4 です。 契約不適合責任では、目的物が契約内容に適合しない場合に、追完請求、代金減額請求、損害賠償請求、解除が問題になります。通知期間や売主が宅建業者の場合の特約制限にも注意します。 この解説は学習用の要約です。法改正や判例変更があるため、実務では最新条文・判例も確認してください。,令和7年度宅地建物取引士資格試験 公式PDF,2025_p26.jpg,q_2025_45.jpg
R7-2025-046,2025,46,免除科目,False,FALSE,独立行政法人住宅金融支援機構（以下この問において「機構」という。）に関する次の記述のうち、誤っているものはどれか。,機構は、災害により住宅が滅失した場合におけるその住宅に代わるべき住宅の建設又は購入に係る貸付金について、一定の元金返済の据置期間を設けることができる。,機構は、証券化支援事業（買取型）において、債務者又は債務者の親族が居住する住宅のみならず、賃貸住宅の建設又は購入に必要な資金の貸付けに係る金融機関の貸付債権についても譲受けの対象としている。,機構は、高齢者が自ら居住する住宅に対して行うバリアフリー工事に係る貸付けについて、貸付金の償還を高齢者の死亡時に一括して行うという制度を設けている。,機構は、市街地の土地の合理的な利用に寄与する一定の建築物の建設に必要な資金の貸付けを業務として行っている。,2,正解は 2 です。 住宅金融支援機構では、証券化支援事業や住宅ローンに関する制度が問われます。宅建実務ではローン説明にも関係します。 この解説は学習用の要約です。法改正や判例変更があるため、実務では最新条文・判例も確認してください。,令和7年度宅地建物取引士資格試験 公式PDF,2025_p27.jpg,q_2025_46.jpg
R7-2025-047,2025,47,免除科目,False,FALSE,宅地建物取引業者が行う広告に関する次の記述のうち、不当景品類及び不当表示防止法（不動産の表示に関する公正競争規約を含む。）の規定によれば、正しいものはどれか。,団地（一団の宅地又は建物をいう。）と駅との間の道路距離は、取引する区画のうち駅から最も近い区画（マンション及びアパートにあっては、駅から最も近い建物の出入口）を起点として算出した数値又は駅から最も遠い区画（マンション及びアパートにあっては、駅から最も遠い建物の出入口）を起点として算出した数値のいずれかを表示しなければならない。,新築分譲マンションを販売するに当たり、住戸により管理費の額が異なる場合であって、その全ての住宅の管理費を表示することが困難であるときは、最高額のみで表示することができる。,物件の近くに新設される予定の駅等又はバスの停留所については、当該路線の運行主体が公表していれば、現に利用できるものではなくても新設予定時期を明示して表示することができる。,道路距離80 m につき1 分間を要するものとして、賃貸物件から最寄りの駅までの徒歩による所要時間を算出したところ15 分50 秒であった。この場合、当該所要時間を15 分と表示してよい。,3,正解は 3 です。 宅建業法では誇大広告等が禁止されています。また、未完成物件では必要な許可等を受ける前に広告や契約締結が制限される場合があります。 この解説は学習用の要約です。法改正や判例変更があるため、実務では最新条文・判例も確認してください。,令和7年度宅地建物取引士資格試験 公式PDF,2025_p27.jpg,q_2025_47.jpg
R7-2025-048,2025,48,免除科目,False,FALSE,次の記述のうち、正しいものはどれか。,年次別法人企業統計調査（令和5 年度。令和6 年9 月公表）によれば、令和5 年度における不動産業の営業利益は7 兆円を超えているが、前年度に比べ減少した。,建築着工統計調査報告（令和6 年計。令和7 年1 月公表）によれば、令和6 年の新設住宅着工戸数は、持家、分譲住宅のいずれにおいても前年に比べ減少した。,令和7 年地価公示（令和7 年3 月公表）によれば、令和6 年1 月以降の1 年間の地価変動率は、三大都市圏平均では住宅地、商業地ともに上昇となったものの、地方圏平均では住宅地、商業地ともに下落となった。,令和7 年版土地白書（令和7 年5 月公表）によれば、土地取引について、売買による所有権の移転登記の件数でその動向を見ると、令和6 年の全国の土地取引件数は200 万件を超えており、前年に比べ大きく増加した。,2,正解は 2 です。 問題文の条件を整理し、各選択肢が条文・判例・制度趣旨に合うかを一つずつ判断します。 この解説は学習用の要約です。法改正や判例変更があるため、実務では最新条文・判例も確認してください。,令和7年度宅地建物取引士資格試験 公式PDF,2025_p28.jpg,q_2025_48.jpg
R7-2025-049,2025,49,免除科目,False,FALSE,土地に関する次の記述のうち、最も不適当なものはどれか。,川沿いの低地に堆積している川が運んだ土砂は、重い構造物を支持できる。,砂州や砂丘には、粒径のそろった砂が堆積しており、地下水位が浅い箇所では、液状化しやすくなる。,丘陵地は、山地ほど斜面の勾配がきつくなく、山地に比べ斜面崩壊は生じ難いといえる。,台地は低地より古い時代に形成された地盤であり、一般に構造物を支持できる強度を有している。,1,正解は 1 です。 土地では、地形・地盤・災害リスク・道路付けなどが重要です。実務では買主の利用目的や再建築可能性にも関係します。 この解説は学習用の要約です。法改正や判例変更があるため、実務では最新条文・判例も確認してください。,令和7年度宅地建物取引士資格試験 公式PDF,2025_p28.jpg,q_2025_49.jpg
R7-2025-050,2025,50,免除科目,False,FALSE,建物の構造と材料に関する次の記述のうち、最も不適当なものはどれか。,鋼材の素材の鋼は、鉄や炭素などの成分を含んでおり、炭素量が多いものほど、軟質で強度が小さい。,鋼材は、熱に弱く、さびやすいので、耐火や防錆せいの処理を施す必要がある。,鋼材は、強度が高く、粘りがあり、比較的小さな断面部材で荷重に耐えることができる。,鋼材の素材の鋼の密度は、木材やコンクリートに比べて大きい。,1,正解は 1 です。 建物では、構造、耐震性、劣化、維持管理、設備状況などが重要です。中古住宅では契約不適合やインスペクションにもつながります。 この解説は学習用の要約です。法改正や判例変更があるため、実務では最新条文・判例も確認してください。,令和7年度宅地建物取引士資格試験 公式PDF,2025_p28.jpg,q_2025_50.jpg
R6-2024-001,2024,1,権利関係,FALSE,FALSE,法律行為に関する次の記述のうち、民法の規定によれば、正しいものはどれか。,営業を許された未成年者が、その営業に関する意思表示をした時に意思能力を有しなかっ た場合は、その法律行為は無効である。,公の秩序に反する法律行為であっても、当事者が納得して合意した場合には、その法律行 為は有効である。,詐欺による意思表示は取り消すことによって初めから無効であったとみなされるのに対し、 強迫による意思表示は取り消すまでもなく無効である。,他人が所有している土地を目的物にした売買契約は無効であるが、当該他人がその売買契 約を追認した場合にはその売買契約は有効となる。,1,正解は 1 です。 権利関係は、民法・借地借家法などを中心に、契約の成立、効力、解除、対抗関係を判断する分野です。 この解説は学習用の要約です。法改正や判例変更があるため、実務では最新条文・判例も確認してください。,令和6年度宅地建物取引士資格試験 公式PDF,2024_p03.jpg,q_2024_01.jpg
R6-2024-002,2024,2,権利関係,FALSE,FALSE,委任契約・準委任契約に関する次の記述のうち、民法の規定及び判例によれば、 誤っているものはどれか。,売主が、売買契約の付随義務として、買主に対して、マンション専有部分内の防火戸の操 作方法につき説明義務を負う場合、業務において密接な関係にある売主から委託を受け、売 主と一体となって当該マンションの販売に関する一切の事務を行っていた宅地建物取引業者 も、買主に対して、防火戸の操作方法について説明する信義則上の義務を負うことがある。,受任者は、委任者の許諾を得たとき、又はやむを得ない事由があるときでなければ、復受 任者を選任することができない。,委任契約で本人が死亡しても代理権が消滅しない旨を合意して代理人に代理権を与えた場 合、本人が死亡しても代理権は消滅しない。,委任は、当事者の一方が仕事を完成することを相手方に約し、相手方がその仕事の結果に 対しその報酬を支払うことを約さなければ、その効力を生じない。 2,4,正解は 4 です。 権利関係は、民法・借地借家法などを中心に、契約の成立、効力、解除、対抗関係を判断する分野です。 この解説は学習用の要約です。法改正や判例変更があるため、実務では最新条文・判例も確認してください。,令和6年度宅地建物取引士資格試験 公式PDF,2024_p03.jpg,q_2024_02.jpg
R6-2024-003,2024,3,権利関係,FALSE,FALSE,甲土地につき、Ａ、Ｂ、Ｃ、Ｄの4 人がそれぞれ4 分の1 の共有持分を有してい て、Ａ、Ｂ、ＣのいずれもＤの所在を知ることができない場合に関する次の記述のうち、民法 の規定及び判例によれば、正しいものはどれか。なお、Ｄの共有持分は、相続財産には属して いないものとする。,甲土地に、その形状又は効用の著しい変更を伴う変更を加える場合には、共有者の過半数 の同意が必要であり、本件ではＡ、Ｂ、Ｃ3 人の同意が必要となる。,甲土地の所有 権の登記名義人となっている者が所有者ではないＥである場合、持分に基づ いてＥに対して登記の抹消を求めるためには、所在が判明しているＡ、Ｂ、Ｃのうち2 人の 同意が必要である。,Ａ、Ｂ、Ｃ3 人の同意があれば、甲土地を資材置場として賃借したいＦとの間で期間を3 年とする賃貸借契約を締結することができる。,Ａが裁判所に請求して、裁判所がＤの持分をＡに取得させる旨の決定をした場合、Ｄは、 その決定から3 年以内に限り、Ａが取得したＤの共有持分の時価相当額をＡに対して支払う よう請求することができる。,3,正解は 3 です。 相続では、相続人、相続分、遺産分割、代襲相続、相続放棄、遺言の効力などを整理します。相続開始前後で権利関係がどう変わるかがポイントです。 この解説は学習用の要約です。法改正や判例変更があるため、実務では最新条文・判例も確認してください。,令和6年度宅地建物取引士資格試験 公式PDF,2024_p04.jpg,q_2024_03.jpg
R6-2024-004,2024,4,権利関係,FALSE,FALSE,Ａを売主、Ｂを買主として甲土地の売買契約（以下この問において「本件契約」 という。）が締結された直後にＡが死亡し、ＣがＡを単独相続した場合における次の記述のう ち、民法の規定によれば、正しいものはどれか。,売買代金を受領したＣが甲土地の引渡しを拒絶する意思を明確に表示したとしても、Ｂは、 Ｃに対して相当の期間を定めた催告をしなければ、本件契約を解除することができない。,Ｂが期日までに売買代金を支払わない場合であっても、本件契約の解除権はＡの一身に専 属した権利であるため、Ｃは本件契約を解除することはできない。,Ｂは、売買代金が支払い済みだったとしても、甲土地の所有権登記を備えなければ、Ｃに 対して甲土地の引渡しを請求することはできない。,本件契約が、Ａの詐欺により締結されたものである場合、ＢはＣに対して、本件契約の取 消しを主張することができる。 3,4,正解は 4 です。 相続では、相続人、相続分、遺産分割、代襲相続、相続放棄、遺言の効力などを整理します。相続開始前後で権利関係がどう変わるかがポイントです。 この解説は学習用の要約です。法改正や判例変更があるため、実務では最新条文・判例も確認してください。,令和6年度宅地建物取引士資格試験 公式PDF,2024_p04.jpg,q_2024_04.jpg
R6-2024-005,2024,5,権利関係,FALSE,FALSE,履行遅滞に関する次の記述のうち、民法の規定及び判例によれば、正しいものは どれか。,不法行為の加害者は、不法行為に基づく損害賠償債務について、履行の請求を受けた時か ら遅滞の責任を負う。,善意の受益者は、その不当利得返還債務について、履行の請求を受けた時から遅滞の責任 を負う。,請負人の報酬債権に対して、注文者がこれと同時履行の関係にある目的物の瑕 か 疵 し 修補に代 わる損害賠償債権を自働債権とする相殺の意思表示をした場合、注文者は、請負人に対する 相殺後の報酬残債務について、当該残債務の履行の請求を受けた時から遅滞の責任を負う。,債務の履行について不確定期限があるときは、債務者は、その期限の到来したことを知っ た後に履行の請求を受けた時から遅滞の責任を負う。,2,正解は 2 です。 権利関係は、民法・借地借家法などを中心に、契約の成立、効力、解除、対抗関係を判断する分野です。 この解説は学習用の要約です。法改正や判例変更があるため、実務では最新条文・判例も確認してください。,令和6年度宅地建物取引士資格試験 公式PDF,2024_p05.jpg,q_2024_05.jpg
R6-2024-006,2024,6,権利関係,TRUE,FALSE,Ａの所有する甲土地にＢを地上権者とする地上権（以下この問において「本件地 上権」という。）が設定され、その旨の登記がされた後に、甲土地にＣを抵当権者とする抵当 権が設定され、その旨の登記がされた場合における次の記述のうち、民法の規定によれば、正 しいものはいくつあるか。 ア ＢがＡとの売買契約に基づき、甲土地の所有権を取得したときは、本件地上権は消滅する。 イ Ａが死亡してＢがＡを単独相続し、甲土地の所有権を取得したときは、本件地上権は消滅 する。 ウ ＢがＡとの代物弁済契約に基づき、甲土地の所有権を取得したときは、本件地上権は消滅 する。 エ ＢがＡとの贈与契約に基づき、甲土地の所有権を取得したときは、本件地上権は消滅する。,一つ,二つ,三つ,なし 4,4,正解は 4 です。 相続では、相続人、相続分、遺産分割、代襲相続、相続放棄、遺言の効力などを整理します。相続開始前後で権利関係がどう変わるかがポイントです。 この解説は学習用の要約です。法改正や判例変更があるため、実務では最新条文・判例も確認してください。,令和6年度宅地建物取引士資格試験 公式PDF,2024_p05.jpg,q_2024_06.jpg
R6-2024-007,2024,7,権利関係,FALSE,FALSE,Ａを貸主、Ｂを借主として甲建物の賃貸借契約（以下この問において「本件契 約」という。）が締結され、Ｂが甲建物の引渡しを受けた場合における次の記述のうち、民法 の規定及び判例によれば、正しいものはどれか。,ＣがＢに対し甲建物をＡから買受けたとの虚偽の話をしたので、これを信じたＢが甲建物 の占有を任意にＣに移転した場合、ＡはＣに対して、占有回収の訴えにより甲建物の返還を 請求することはできない。,Ｂが、Ａの甲建物への立ち入りを建物入り口を閉ざして拒んだときは、Ａは甲建物の間接 占有が侵奪されたものとして、Ｂに対して、占有回収の訴えにより甲建物の返還を請求する ことができる。,Ｂが死亡して、ＤがＢを単独相続した場合、Ｄは相続開始を知るまでは、Ｂによる甲建物 の占有を承継しない。,ＡとＢのいずれもが死亡した場合、本件契約は当然に終了する。,1,正解は 1 です。 借地借家法では、普通借地・定期借地・普通建物賃貸借・定期建物賃貸借の違いが重要です。存続期間、更新、終了、書面要件を整理します。 この解説は学習用の要約です。法改正や判例変更があるため、実務では最新条文・判例も確認してください。,令和6年度宅地建物取引士資格試験 公式PDF,2024_p06.jpg,q_2024_07.jpg
R6-2024-008,2024,8,権利関係,FALSE,FALSE,次の記述のうち、民法の条文として規定されていないものはどれか。,隔地者間の契約は、承諾の通知を発した時に成立する。,無効な行為に基づく債務の履行として給付を受けた者は、相手方を原状に復させる義務を 負う。,代理人が自己又は第三者の利益を図る目的で代理権の範囲内の行為をした場合において、 相手方がその目的を知り、又は知ることができたときは、その行為は、代理権を有しない者 がした行為とみなす。,未成年者が法律行為をするには、その法定代理人の同意を得なければならない。ただし、 単に権利を得、又は義務を免れる法律行為については、この限りでない。 5,1,正解は 1 です。 権利関係は、民法・借地借家法などを中心に、契約の成立、効力、解除、対抗関係を判断する分野です。 この解説は学習用の要約です。法改正や判例変更があるため、実務では最新条文・判例も確認してください。,令和6年度宅地建物取引士資格試験 公式PDF,2024_p06.jpg,q_2024_08.jpg
R6-2024-009,2024,9,権利関係,FALSE,FALSE,承諾に関する次の記述のうち、民法の規定によれば、正しいものはどれか。,第三者が債務者との間で、債務者の債務につき免責的債務引受契約をする場合、債権者の 承諾は不要である。,第三者が債務者との間で、債務者の債務につき併存的債務引受契約をした場合、債権者が 第三者に承諾をした時点で、その効力が生ずる。,第三者が債権者との間で、債務者の債務につき併存的債務引受契約をした場合、債務者が 第三者に承諾をした時点で、その効力が生ずる。,賃借人が賃貸借契約の目的物を第三者に転貸する場合、賃貸人の承諾は不要である。,2,正解は 2 です。 権利関係は、民法・借地借家法などを中心に、契約の成立、効力、解除、対抗関係を判断する分野です。 この解説は学習用の要約です。法改正や判例変更があるため、実務では最新条文・判例も確認してください。,令和6年度宅地建物取引士資格試験 公式PDF,2024_p07.jpg,q_2024_09.jpg
R6-2024-010,2024,10,権利関係,FALSE,FALSE,売買契約の目的物が品質に関して契約の内容に適合しない場合において、当該契 約不適合が売主及び買主のいずれの責めにも帰することができない事由によるものであるとき、 履行の追完請求権、代金の減額請求権、損害賠償請求権及び契約の解除権のうち、民法の規定 によれば、買主が行使することができない権利のみを掲げたものとして正しいものは次の記述 のうちどれか。なお、上記帰責性以外の点について、権利の行使を妨げる事情はないものとす る。,履行の追完請求権、損害賠償請求権、契約の解除権,代金の減額請求権、損害賠償請求権、契約の解除権,履行の追完請求権、代金の減額請求権,損害賠償請求権 6,4,正解は 4 です。 契約不適合責任では、目的物が契約内容に適合しない場合に、追完請求、代金減額請求、損害賠償請求、解除が問題になります。通知期間や売主が宅建業者の場合の特約制限にも注意します。 この解説は学習用の要約です。法改正や判例変更があるため、実務では最新条文・判例も確認してください。,令和6年度宅地建物取引士資格試験 公式PDF,2024_p07.jpg,q_2024_10.jpg
R6-2024-011,2024,11,権利関係,FALSE,FALSE,建物の所有を目的とする土地の賃貸借契約（一時使用目的の借地契約を除く。） に関する次の記述のうち、借地借家法の規定によれば、正しいものはどれか。,専ら事業の用に供する建物（居住の用に供するものを除く。）の所有を目的とし、存続期 間を20 年として借地権を設定する場合、建物買取請求権の規定は適用されず、また、その 契約は、公正証書による等書面によってしなければならない。,居住の用に供する建物の所有を目的として借地権を設定する場合において、借地権を消滅 させる目的で、その設定後30 年を経過した日に借地権の目的である土地の上の建物を借地 権設定者に相当の対価で譲渡する旨の特約を定めても、この特約は無効である。,借地権を設定する場合において、存続期間を定めなかったときは、その期間は30 年とな る。,当事者が借地権の設定後に最初に借地契約を更新する場合において、存続期間を定めな かったときは、その期間は更新の日から10 年となる。,3,正解は 3 です。 借地借家法では、普通借地・定期借地・普通建物賃貸借・定期建物賃貸借の違いが重要です。存続期間、更新、終了、書面要件を整理します。 この解説は学習用の要約です。法改正や判例変更があるため、実務では最新条文・判例も確認してください。,令和6年度宅地建物取引士資格試験 公式PDF,2024_p08.jpg,q_2024_11.jpg
R6-2024-012,2024,12,権利関係,FALSE,FALSE,賃貸人Ａと賃借人Ｂとが、居住目的で期間を3 年として、借地借家法第38 条の 定期建物賃貸借契約（以下この問において「契約①」という。）を締結した場合と、定期建物 賃貸借契約でも一時使用目的の賃貸借契約でもない普通建物賃貸借契約（以下この問において 「契約②」という。）を締結した場合とに関する次の記述のうち、借地借家法の規定によれば、 正しいものはどれか。,Ｂが建物の引渡しを受けた後にＡが建物をＣに売却して建物所有者がＣに変わった場合、 Ｂは、契約①の場合ではＣに対して賃借人であることを主張できるが、契約②の場合ではＣ に対して賃借人であることを主張できない。,契約期間中は賃料の改定を行わない旨の特約を契約において定めていても、契約期間中に 賃料が不相当になったと考えるに至ったＢは、契約①の場合も契約②の場合も、借地借家法 第32 条に基づく賃料減額請求をすることができる。,Ｂが契約期間中に相続人なしで死亡した場合において、婚姻はしていないが事実上夫婦と 同様の関係にあった同居者Ｄがあるときは、契約①の場合も契約②の場合も、Ａに反対の意 思表示をしないＤは、建物の賃貸借契約に関し、Ｂの権利義務を承継する。,契約①の場合、公正証書によって契約をするときに限り契約の更新がないことを有効に定 めることができ、契約②の場合、書面で契約し、かつ、Ａに正当な理由がない限り、Ａは契 約の更新を拒絶することができなくなる。 7,3,正解は 3 です。 借地借家法では、普通借地・定期借地・普通建物賃貸借・定期建物賃貸借の違いが重要です。存続期間、更新、終了、書面要件を整理します。 この解説は学習用の要約です。法改正や判例変更があるため、実務では最新条文・判例も確認してください。,令和6年度宅地建物取引士資格試験 公式PDF,2024_p08.jpg,q_2024_12.jpg
R6-2024-013,2024,13,権利関係,FALSE,FALSE,建物の区分所有等に関する法律に関する次の記述のうち、誤っているものはどれ か。,各共有者の共用部分の持分は、規約に別段の定めがない限り、共有者数で等分することと されている。,規約及び集会の決議は、区分所有者の特定承継人に対しても、その効力を生ずる。,管理者は、集会において、毎年1 回一定の時期に、その事務に関する報告をしなければな らない。,集会の招集の通知は、区分所有者が管理者に対して通知を受けるべき場所を通知しなかっ たときは区分所有者の所有する専有部分が所在する場所にあててすれば足りる。この場合に は、集会の招集の通知は、通常それが到達すべき時に到達したものとみなされる。,1,正解は 1 です。 建物では、構造、耐震性、劣化、維持管理、設備状況などが重要です。中古住宅では契約不適合やインスペクションにもつながります。 この解説は学習用の要約です。法改正や判例変更があるため、実務では最新条文・判例も確認してください。,令和6年度宅地建物取引士資格試験 公式PDF,2024_p09.jpg,q_2024_13.jpg
R6-2024-014,2024,14,権利関係,FALSE,FALSE,不動産の登記に関する次の記述のうち、不動産登記法の規定によれば、誤ってい るものはどれか。,買戻しの特約に関する登記がされている場合において、契約の日から10 年を経過したと きは、登記権利者は、単独で当該登記の抹消を申請することができる。,不動産の収用による所有権の移転の登記は、起業者が単独で申請することができる。,相続人ではない者に対する遺贈による所有権の移転の登記は、登記権利者が単独で申請す ることができる。,登記名義人の住所についての変更の登記は、登記名義人が単独で申請することができる。,3,正解は 3 です。 権利関係は、民法・借地借家法などを中心に、契約の成立、効力、解除、対抗関係を判断する分野です。 この解説は学習用の要約です。法改正や判例変更があるため、実務では最新条文・判例も確認してください。,令和6年度宅地建物取引士資格試験 公式PDF,2024_p09.jpg,q_2024_14.jpg
R6-2024-015,2024,15,法令上の制限,FALSE,FALSE,都市計画法に関する次の記述のうち、誤っているものはどれか。,都市計画区域外においても、特に必要があるときは、都市施設に関する都市計画を定める ことができる。,準都市計画区域については、用途地域が定められている土地の区域であっても、市街地開 発事業に関する都市計画を定めることができない。,用途地域の一つである準住居地域は、道路の沿道としての地域の特性にふさわしい業務の 利便の増進を図りつつ、これと調和した住居の環境を保護するために定める地域である。,地区計画は、用途地域が定められている土地の区域についてのみ都市計画に定められるも のであり、また、地区計画に関する都市計画を定めるに当たっては、地区整備計画を都市計 画に定めなければならない。 8,4,正解は 4 です。 都市計画法では、市街化区域・市街化調整区域、用途地域、開発許可の要否が重要です。区域区分と開発行為の制限をセットで確認します。 この解説は学習用の要約です。法改正や判例変更があるため、実務では最新条文・判例も確認してください。,令和6年度宅地建物取引士資格試験 公式PDF,2024_p09.jpg,q_2024_15.jpg
R6-2024-016,2024,16,法令上の制限,FALSE,FALSE,都市計画法（以下この問において「法」という。）に関する次の記述のうち、正 しいものはどれか。ただし、この問において条例による特別の定めはないものとし、「都道府 県知事」とは、地方自治法に基づく指定都市、中核市及び施行時特例市にあってはその長をい うものとする。,"市街化区域内において行う、医療法に規定する病院を建築するための1,000 m2 の開発行 為については、法第29 条に基づく都道府県知事の許可を得る必要がある。","市街化区域内において行う、開発行為を伴わない建築物の建築で、当該建築物の床面積が 1,000 m2 以上のものについては、法第29 条に基づく都道府県知事の許可を得る必要がある。",市街化調整区域内において行う、都市計画事業の施行のための開発行為については、法第 29 条に基づく都道府県知事の許可を得る必要がある。,法第29 条に基づく許可を受けた者は、当該許可に係る土地についての一定の事項を開発 登録簿に登録しなければならない。,1,正解は 1 です。 都市計画法では、市街化区域・市街化調整区域、用途地域、開発許可の要否が重要です。区域区分と開発行為の制限をセットで確認します。 この解説は学習用の要約です。法改正や判例変更があるため、実務では最新条文・判例も確認してください。,令和6年度宅地建物取引士資格試験 公式PDF,2024_p10.jpg,q_2024_16.jpg
R6-2024-017,2024,17,法令上の制限,FALSE,FALSE,建築基準法に関する次の記述のうち、誤っているものはどれか。なお、建築副主 事の確認にあっては、建築基準法に定める大規模建築物以外の建築物に限るものとする。,高さ25 m の建築物には、周囲の状況によって安全上支障がない場合を除き、有効に避雷 設備を設けなければならない。,特定行政庁は、建築基準法の規定に違反した建築物（国、都道府県又は建築主事を置く市 町村の建築物を除く。）の所有者に対して、緊急の必要があり、仮に当該建築物の使用禁止 又は使用制限の命令をする場合であっても、意見書の提出先等を記載した通知書の交付等の 手続をとらなければならない。,防火地域内に存在する共同住宅（その用途に供する部分の床面積の合計が300 m2）を増 築する場合、その増築に係る部分の床面積の合計が10 m2 以内であっても、建築主事、建築 副主事又は指定確認検査機関の確認を受ける必要がある。,劇場の用途に供する建築物を映画館（その用途に供する部分の床面積の合計が500 m2） に用途変更する場合、建築主事、建築副主事又は指定確認検査機関の確認を受ける必要はな い。 9,2,正解は 2 です。 建築基準法では、接道義務、建ぺい率、容積率、用途制限、防火・準防火地域などが頻出です。特に道路幅員による容積率制限に注意します。 この解説は学習用の要約です。法改正や判例変更があるため、実務では最新条文・判例も確認してください。,令和6年度宅地建物取引士資格試験 公式PDF,2024_p10.jpg,q_2024_17.jpg
R6-2024-018,2024,18,法令上の制限,FALSE,FALSE,次の記述のうち、建築基準法の規定によれば、正しいものはどれか。,客席部分の床面積の合計が300 m2 の映画館については、第二種住居地域内において建築 することはできないが、準住居地域内においては建築することができる。,特定用途誘導地区内において、都市計画で建築物の高さの最高限度が定められていたとし ても、特定行政庁が用途上又は構造上やむを得ないと認めて許可したものについては、当該 最高限度を超えてよい。,計画しようとする建築物の天空率が、道路斜線制限、隣地斜線制限又は北側斜線制限に適 合する建築物の天空率未満であれば、これらの制限は適用されない。,都市計画で建蔽率の限度が80 ％に指定されている区域かつ防火地域内にある耐火建築物 について、建蔽率の限度を超えるためには、特定行政庁による許可を得る必要がある。,2,正解は 2 です。 建築基準法では、接道義務、建ぺい率、容積率、用途制限、防火・準防火地域などが頻出です。特に道路幅員による容積率制限に注意します。 この解説は学習用の要約です。法改正や判例変更があるため、実務では最新条文・判例も確認してください。,令和6年度宅地建物取引士資格試験 公式PDF,2024_p11.jpg,q_2024_18.jpg
R6-2024-019,2024,19,法令上の制限,FALSE,FALSE,宅地造成及び特定盛土等規制法に関する次の記述のうち、誤っているものはどれ か。なお、この問において「都道府県知事」とは、地方自治法に基づく指定都市及び中核市に あってはその長をいうものとし、地方自治法に基づく施行時特例市に係る経過措置については 考慮しないものとする。,都道府県知事は、基礎調査のために他人の占有する土地に立ち入って測量又は調査を行う 必要があるときは、その必要の限度において、当該土地に、自ら立ち入り、又はその命じた 者若しくは委任した者に立ち入らせることができ、当該土地の占有者は、正当な理由がない 限り、その立入りを拒み、又は妨げてはならない。,都道府県知事は、宅地造成等工事規制区域内の土地について、宅地造成等に伴う災害を防 止するために必要があると認める場合には、その土地の所有者に対して、擁壁等の設置等の 措置をとることを勧告することができる。,工事主は、宅地造成等工事規制区域において行われる宅地造成等に関する工事について、 工事着手後2 週間以内に、宅地造成等に関する工事の施行に係る土地の周辺地域の住民に対 し、説明会の開催その他の当該宅地造成等に関する工事の内容を周知させるため必要な措置 を講じなければならない。,特定盛土等規制区域内において行われる特定盛土等又は土石の堆積に関する工事について は、工事主は、当該工事に着手する日の30 日前までに、主務省令で定めるところにより、 当該工事の計画を都道府県知事に届け出なければならない。ただし、特定盛土等又は土石の 堆積に伴う災害の発生のおそれがないと認められるものとして政令で定める工事については、 この限りでない。 10,3,正解は 3 です。 宅地造成・盛土規制では、災害防止の観点から、一定の工事に許可や届出が必要となる場合があります。区域指定と工事内容を確認します。 この解説は学習用の要約です。法改正や判例変更があるため、実務では最新条文・判例も確認してください。,令和6年度宅地建物取引士資格試験 公式PDF,2024_p11.jpg,q_2024_19.jpg
R6-2024-020,2024,20,法令上の制限,FALSE,FALSE,土地区画整理法に関する次の記述のうち、誤っているものはどれか。なお、この 問において、同法第136 条の3 による大都市等の特例及び条例で定める事務処理の特例は考慮 しないものとする。,仮換地が指定された場合においては、従前の宅地について権原に基づき使用し、又は収益 することができる者は、仮換地の指定の効力発生の日から換地処分の公告がある日まで、仮 換地又は仮換地について仮に使用し、若しくは収益することができる権利の目的となるべき 宅地若しくはその部分について、従前の宅地について有する権利の内容である使用又は収益 と同じ使用又は収益をすることができる。,市町村施行の土地区画整理事業において、市町村は、換地処分をした場合においては、そ の旨を公告しなければならない。,換地計画において定められた保留地は、換地処分の公告があった日の翌日において、施行 者が取得する。,施行者は、仮換地を指定した場合において、特別の事情があるときは、その仮換地につい て使用又は収益を開始することができる日を仮換地の指定の効力発生の日と別に定めること ができる。,2,正解は 2 です。 土地区画整理法では、仮換地、換地処分、清算金、保留地などの用語と効果を整理します。仮換地指定後の使用収益関係がポイントです。 この解説は学習用の要約です。法改正や判例変更があるため、実務では最新条文・判例も確認してください。,令和6年度宅地建物取引士資格試験 公式PDF,2024_p12.jpg,q_2024_20.jpg
R6-2024-021,2024,21,法令上の制限,FALSE,FALSE,農地に関する次の記述のうち、農地法（以下この問において「法」という。）の 規定によれば、誤っているものはどれか。,法第3 条第1 項の許可があったときは所有権が移転する旨の停止条件付売買契約を原因と する所有権移転の仮登記の申請を行う場合にも、農業委員会の許可が必要である。,法第5 条第1 項の許可申請書の提出において、法ではその申請に係る権利の設定又は移転 に関し民事調停法により調停が成立した場合など一定の場合を除き、当事者は連署した申請 書を提出しなければならないとされている。,法では、農地の賃貸借で期間の定めがあるものについては、一定の場合を除き、期間満了 の1 年前から6 か月前までの間に更新拒絶の通知をしないと従前の賃貸借と同一の条件で更 に賃貸借したものとみなされる。,法では、農地の賃貸借の当事者は、当該賃貸借の合意による解約が民事調停法による農事 調停によって行われる場合など一定の場合を除き、知事の許可を受けなければ、当該賃貸借 について、解除、解約の申入れ、合意解約、更新拒絶の通知をしてはならないとされている。 11,1,正解は 1 です。 農地法では、農地の権利移動、転用、転用目的の権利移動について、3条・4条・5条の違いを押さえます。市街化区域内の届出との違いも重要です。 この解説は学習用の要約です。法改正や判例変更があるため、実務では最新条文・判例も確認してください。,令和6年度宅地建物取引士資格試験 公式PDF,2024_p12.jpg,q_2024_21.jpg
R6-2024-022,2024,22,法令上の制限,FALSE,FALSE,国土利用計画法（以下この問において「法」という。）第23 条の届出（以下この 問において「事後届出」という。）及び法第27 条の7 の監視区域内の届出（以下この問におい て「事前届出」という。）に関する次の記述のうち、正しいものはどれか。なお、この問にお いて「都道府県知事」とは、地方自治法に基づく指定都市にあってはその長をいうものとする。,"Ａが所有する市街化区域以外の都市計画区域内の4,000 m2 の土地について、宅地建物取 引業者Ｂが地上権の設定を受ける契約を締結した場合、Ｂは事後届出を行わなければならな い。","宅地建物取引業者Ｃが所有する市街化区域内の3,000 m2 の土地と宅地建物取引業者Ｄが 所有する都市計画区域外に所在する12,000 m2 の土地を金銭の授受を伴わずに交換する契約 を締結した場合、Ｃ及びＤはともに事後届出を行う必要はない。",事前届出又は事後届出が必要な土地について、売買契約を締結したにもかかわらず所定の 期間内に当該届出をしなかった者は都道府県知事からの勧告を受けることがあるが、罰則の 適用を受けることはない。,"監視区域に指定された市街化区域内に所在する土地2,500 m2 について売買契約を締結し ようとする当事者は、契約締結の少なくとも6 週間前までに事前届出を行わなければならな い。",4,正解は 4 です。 国土利用計画法では、一定面積以上の土地取引について事後届出が必要となる場合があります。届出義務者、届出期限、対象面積を確認します。 この解説は学習用の要約です。法改正や判例変更があるため、実務では最新条文・判例も確認してください。,令和6年度宅地建物取引士資格試験 公式PDF,2024_p13.jpg,q_2024_22.jpg
R6-2024-023,2024,23,税・その他,FALSE,FALSE,住宅借入金等を有する場合の所得税額の特別控除（以下この問において「住宅 ローン控除」という。）に関する次の記述のうち、正しいものはどれか。なお、以下の居住用 家屋は、令和5 年に建築基準法第6 条第1 項の確認（建築確認）を受けたものとする。,令和6 年中に居住用家屋を居住の用に供した場合において、その前年において居住用財産 を譲渡した場合の軽減税率の特例の適用を受けているときであっても、令和6 年分以後の所 得税について住宅ローン控除の適用を受けることができる。,令和6 年中に居住用家屋を居住の用に供した場合において、その前年において居住用財産 の買換え等の場合の譲渡損失の損益通算の適用を受けているときであっても、令和6 年分以 後の所得税について住宅ローン控除の適用を受けることができる。,令和5 年中に居住用家屋の敷地の用に供するための土地を取得した場合において、令和6 年中に居住用家屋を新築して居住の用に供したときは、令和5 年分の所得税について住宅 ローン控除の適用を受けることができる。,令和6 年中に居住用家屋を居住の用に供した場合において、その居住用家屋の取得に係る 住宅借入金等の償還期間等が契約において3 年とされているときは、令和6 年以後3 年間の 所得税について住宅ローン控除の適用を受けることができる。 12,2,正解は 2 です。 建築基準法では、接道義務、建ぺい率、容積率、用途制限、防火・準防火地域などが頻出です。特に道路幅員による容積率制限に注意します。 この解説は学習用の要約です。法改正や判例変更があるため、実務では最新条文・判例も確認してください。,令和6年度宅地建物取引士資格試験 公式PDF,2024_p13.jpg,q_2024_23.jpg
R6-2024-024,2024,24,税・その他,FALSE,FALSE,不動産取得税に関する次の記述のうち、正しいものはどれか。,不動産取得税の課税標準は、不動産を取得した時における当該不動産の売買価格であるか ら、固定資産税の課税標準である固定資産の評価額とは異なるものである。,不動産取得税の課税標準となるべき額が、土地の取得にあっては10 万円、家屋の取得の うち建築に係るものにあっては1 戸につき23 万円、その他のものにあっては1 戸につき12 万円に満たない場合においては、不動産取得税が課されない。,不動産取得税は、不動産の取得に対して課される税であるので、法人の合併により不動産 を取得した場合においても、不動産取得税が課される。,令和6 年4 月に個人が取得した住宅及び住宅用地に係る不動産取得税の税率は3 ％であ るが、住宅以外の家屋及び土地に係る不動産取得税の税率は4 ％である。,2,正解は 2 です。 不動産取得税は、不動産を取得した人に課される地方税です。取得原因、課税標準、住宅用特例などが出題されます。 この解説は学習用の要約です。法改正や判例変更があるため、実務では最新条文・判例も確認してください。,令和6年度宅地建物取引士資格試験 公式PDF,2024_p14.jpg,q_2024_24.jpg
R6-2024-025,2024,25,税・その他,FALSE,FALSE,不動産の鑑定評価に関する次の記述のうち、不動産鑑定評価基準によれば、誤っ ているものはどれか。,同一需給圏とは、一般に対象不動産と代替関係が成立して、その価格の形成について相互 に影響を及ぼすような関係にある他の不動産の存する圏域をいう。,対象不動産について、依頼目的に応じ対象不動産に係る価格形成要因のうち地域要因又は 個別的要因について想定上の条件を設定する場合がある。,不動産の価格は、その不動産の効用が最高度に発揮される可能性に最も富む使用を前提と して把握される価格を標準として形成されるが、これを適合の原則という。,収益還元法は、対象不動産が将来生み出すであろうと期待される純収益の現在価値の総和 を求めることにより対象不動産の試算価格を求める手法であり、賃貸用不動産又は賃貸以外 の事業の用に供する不動産の価格を求める場合に特に有効である。 13,3,正解は 3 です。 不動産鑑定評価や地価公示では、価格形成要因、鑑定評価手法、公示価格の位置づけが問われます。 この解説は学習用の要約です。法改正や判例変更があるため、実務では最新条文・判例も確認してください。,令和6年度宅地建物取引士資格試験 公式PDF,2024_p14.jpg,q_2024_25.jpg
R6-2024-026,2024,26,宅建業法,TRUE,FALSE,宅地建物取引業法第35 条に規定する重要事項の説明に関する次の記述のうち、 正しいものはいくつあるか。なお、説明の相手方は宅地建物取引業者ではないものとする。 ア ガス配管設備等に関して、住宅の売買後においても宅地内のガスの配管設備等の所有権が 家庭用プロパンガス販売会社にあるものとする場合には、その旨を説明しなければならない。 イ 重要事項の説明を行う宅地建物取引士は専任の宅地建物取引士でなくてもよいが、書面に 記名する宅地建物取引士は専任の宅地建物取引士でなければならない。 ウ 区分所有建物である事務所ビルの一室の売買の媒介を行う場合、当該1 棟の建物及びその 敷地の管理が委託されているときは、その委託を受けている者の氏名（法人にあっては、そ の商号又は名称）及び住所（法人にあっては、その主たる事務所の所在地）を説明しなけれ ばならない。 エ 区分所有建物である中古マンションの一室の売買の媒介を行う場合、当該1 棟の建物の計 画的な維持修繕のための費用の積立てを行う旨の規約の定めがあるときは、その内容及び既 に積み立てられている額について説明しなければならない。,一つ,二つ,三つ,四つ,3,正解は 3 です。 宅建業法35条の重要事項説明では、契約前に買主・借主が判断するために重要な事項を説明します。説明できるのは宅地建物取引士で、取引士証の提示や重要事項説明書への記名などがポイントです。 この解説は学習用の要約です。法改正や判例変更があるため、実務では最新条文・判例も確認してください。,令和6年度宅地建物取引士資格試験 公式PDF,2024_p15.jpg,q_2024_26.jpg
R6-2024-027,2024,27,宅建業法,FALSE,FALSE,宅地建物取引業者Ａに関する次の記述のうち、正しいものはどれか。なお、Ａは 宅地建物取引業保証協会の社員ではないものとする。,Ａが主たる事務所を移転したことにより、その最寄りの供託所が変更した場合において、 金銭のみをもって営業保証金を供託しているときは、遅滞なく営業保証金を移転後の主たる 事務所の最寄りの供託所に新たに供託しなければならない。,Ａの従業員が運転する車両で現地案内を受けた者が、Ａの従業員の過失による交通事故で ケガをした場合に取得する損害賠償請求権は、Ａが供託した営業保証金の還付の対象債権と なる。,Ａは、金銭と有価証券を併用して供託することができ、有価証券のみで供託する場合の当 該有価証券の価額は、国債証券の場合はその額面金額の100 分の90、地方債証券の場合は その額面金額の100 分の80 である。,Ａは甲県内にある主たる事務所とは別に、乙県内に新たに従たる事務所を設置したときは、 営業保証金を主たる事務所の最寄りの供託所に供託しなければならない。 14,4,正解は 4 です。 建物では、構造、耐震性、劣化、維持管理、設備状況などが重要です。中古住宅では契約不適合やインスペクションにもつながります。 この解説は学習用の要約です。法改正や判例変更があるため、実務では最新条文・判例も確認してください。,令和6年度宅地建物取引士資格試験 公式PDF,2024_p15.jpg,q_2024_27.jpg
R6-2024-028,2024,28,宅建業法,FALSE,FALSE,"宅地建物取引業者Ａ（消費税課税事業者）及び宅地建物取引業者Ｂ（消費税免税 事業者）が受領した報酬に関するアからウの記述のうち、宅地建物取引業法の規定に違反しな いものの組合せは1 から4 のうちどれか。なお、代理、媒介に当たり、広告の依頼は行われて いないものとする。 ア 居住用建物（1 か月の借賃12 万円。消費税等相当額を含まない。）について、Ａは貸主か ら代理を依頼され、Ｂは借主から媒介を依頼され、Ａは貸主から6.7 万円、Ｂは借主から 6.5 万円を報酬として受領した。なお、Ｂは、媒介の依頼を受けるに当たって、報酬につい て借主から特段の承諾を得ていない。 イ Ｂは、事業用建物について、貸主と借主双方から媒介を依頼され、借賃1 か月分10 万円 （消費税等相当額を含まない。）、権利金90 万円（権利設定の対価として支払われる金銭で あって返還されないもので、消費税等相当額を含まない。）の賃貸借契約を成立させ、貸主 と借主からそれぞれ5 万円を報酬として受領した。 ウ Ａは、土地付建物について、売主と買主双方から媒介を依頼され、代金3,500 万円（消費 税等相当額を含み、土地代金は2,400 万円である。）の売買契約を成立させ、売主と買主か らそれぞれ110 万円を報酬として受領したほか、売主の特別の依頼に基づき行った遠隔地へ の現地調査に要した実費の費用について、売主が事前に負担を承諾していたので、売主から 9 万円を受領した。",ア、イ,イ、ウ,ア、ウ,ア、イ、ウ 15,2,正解は 2 です。 媒介契約では、契約類型ごとの書面交付、指定流通機構への登録、業務処理状況の報告義務などが問われます。専任・専属専任・一般媒介の違いを整理することが重要です。 この解説は学習用の要約です。法改正や判例変更があるため、実務では最新条文・判例も確認してください。,令和6年度宅地建物取引士資格試験 公式PDF,2024_p16.jpg,q_2024_28.jpg
R6-2024-029,2024,29,宅建業法,FALSE,FALSE,宅地建物取引士に関する次の記述のうち、宅地建物取引業法（以下この問におい て「法」という。）の規定によれば、正しいものはどれか。,宅地建物取引士資格試験に合格した者は、宅地又は建物の取引に関する実務の経験期間が,年に満たない場合であっても、試験に合格した日から1 年以内に登録を受けようとすると きには、都道府県知事が指定する講習を受講することにより、宅地建物取引士の登録を受け ることができる。,宅地建物取引士証は、更新を受けることなくその有効期間が経過した場合、その効力を失 うが、当該宅地建物取引士証を都道府県知事に返納する必要はない。,宅地建物取引士は、他人に自己の名義の使用を許し、当該他人がその名義で宅地建物取引 士である旨の表示をしたときは、法第68 条の規定に基づく処分の対象となるが、当該他人 が宅地建物取引士の登録を受けた者であるときはこの限りでない。 4 宅地建物取引業者は、その事務所唯一の専任の宅地建物取引士が宅地建物取引士証の有効 期間の経過により効力を失い宅地建物取引士でなくなったときは、2 週間以内に法第31 条 の3 第1 項の規定に適合させるため必要な措置を執らなければならない。,4,正解は 4 です。 建物では、構造、耐震性、劣化、維持管理、設備状況などが重要です。中古住宅では契約不適合やインスペクションにもつながります。 この解説は学習用の要約です。法改正や判例変更があるため、実務では最新条文・判例も確認してください。,令和6年度宅地建物取引士資格試験 公式PDF,2024_p17.jpg,q_2024_29.jpg
R6-2024-030,2024,30,宅建業法,FALSE,FALSE,宅地建物取引業者Ａが、自ら売主として、宅地建物取引業者ではない個人Ｂとの 間で宅地の売買契約を締結し、手付金を支払ったＢが、宅地建物取引業法第37 条の2 の規定 に基づくいわゆるクーリング・オフにより、当該売買契約を契約締結の日の翌日に解除しよう としている。この場合に関する次の記述のうち、誤っているものはどれか。,Ａがクーリング・オフについて告げるときに交付すべき書面には、Ａの商号又は名称及び 住所並びに免許証番号の記載は必要であるが、Ａの宅地建物取引士の記名は必要ない。,Ｂが、自らの申出により、Ｂの勤務する会社の事務所において、宅地の買受けの申込み及 びＡとの売買契約の締結をした場合、Ｂは、クーリング・オフによる当該売買契約の解除を 行うことができない。,Ｂが、自らの申出により、喫茶店において、宅地の買受けの申込み及びＡとの売買契約の 締結をした場合、Ｂは、クーリング・オフによる当該売買契約の解除を行うことができる。,Ｂは、自らの申出により、Ｂが融資を受ける銀行（宅地建物取引業者ではない。）におい て、宅地の買受けの申込み及びＡとの売買契約の締結をした場合、クーリング・オフによる 当該売買契約の解除を行うことができない。 16,4,正解は 4 です。 手付は、解約手付・違約手付・証約手付などの性質が問題になります。宅建業者が自ら売主となる場合は、手付金等の保全措置や手付額の制限も重要です。 この解説は学習用の要約です。法改正や判例変更があるため、実務では最新条文・判例も確認してください。,令和6年度宅地建物取引士資格試験 公式PDF,2024_p17.jpg,q_2024_30.jpg
R6-2024-031,2024,31,宅建業法,FALSE,FALSE,次の記述のうち、宅地建物取引業法（以下この問において「法」という。）の規 定によれば、正しいものはどれか。,国土交通大臣又は都道府県知事は、その免許を受けた宅地建物取引業者が法第65 条第1 項の規定による指示に従わない場合、その業務の全部又は一部の停止を命ずることができ、 業務の停止の処分に違反した場合、免許を取り消さなければならない。,国土交通大臣又は都道府県知事は、その免許を受けた宅地建物取引業者の事務所の所在地 を確知できないときは、その事実を公告し、その公告の日から2 週間を経過しても当該宅地 建物取引業者から申出がないときは、免許を取り消すことができる。,国土交通大臣又は都道府県知事は、法第66 条の規定による免許の取消しの処分をしよう とするときは、聴聞を行わなければならないが、当該聴聞は、公開することが相当と認めら れる場合を除き、公開されない。,国土交通大臣又は都道府県知事は、法第66 条の規定による免許の取消しの処分をしたと きはその旨を公告しなければならないが、法第65 条第2 項の規定による業務の停止の処分 をしたときはその旨の公告はしなくともよい。,1,正解は 1 です。 建物では、構造、耐震性、劣化、維持管理、設備状況などが重要です。中古住宅では契約不適合やインスペクションにもつながります。 この解説は学習用の要約です。法改正や判例変更があるため、実務では最新条文・判例も確認してください。,令和6年度宅地建物取引士資格試験 公式PDF,2024_p18.jpg,q_2024_31.jpg
R6-2024-032,2024,32,宅建業法,FALSE,FALSE,宅地建物取引業者Ａが、ＢからＢ所有の中古住宅の売却の依頼を受け、Ｂと専任 媒介契約（専属専任媒介契約ではないものとする。）を締結した。この場合における次の記述 のうち、宅地建物取引業法（以下この問において「法」という。）の規定によれば、正しいも のはどれか。,Ａは当該中古住宅の売買契約が成立しても、当該中古住宅の引渡しが完了していなければ、 売買契約が成立した旨を指定流通機構に通知する必要はない。,Ｂが宅地建物取引業者である場合は、当該契約が国土交通大臣が定める標準媒介契約約款 に基づくものであるか否かの別を、法第34 条の2 第1 項に規定する書面に記載する必要は ない。,Ａに対して当該中古住宅について買受けの申込みがなかった場合でも、ＡはＢに対して、 当該契約に係る業務の処理状況を2 週間に1 回以上報告しなければならないが、その報告は 必ずしも書面で行う必要はない。,Ｂが当該中古住宅について、法第34 条の2 第1 項第4 号に規定する建物状況調査を実施 する者のあっせんを希望しなかった場合は、Ａは同項に規定する書面に同調査を実施する者 のあっせんに関する事項を記載する必要はない。 17,3,正解は 3 です。 媒介契約では、契約類型ごとの書面交付、指定流通機構への登録、業務処理状況の報告義務などが問われます。専任・専属専任・一般媒介の違いを整理することが重要です。 この解説は学習用の要約です。法改正や判例変更があるため、実務では最新条文・判例も確認してください。,令和6年度宅地建物取引士資格試験 公式PDF,2024_p18.jpg,q_2024_32.jpg
R6-2024-033,2024,33,宅建業法,FALSE,FALSE,宅地建物取引業者がその業務に関して行う広告に関する次の記述のうち、宅地建 物取引業法（以下この問において「法」という。）の規定によれば、誤っているものはどれか。,宅地の販売に関する広告をインターネットで行った場合において、当該宅地の売買契約が 成立した後も継続して広告を掲載していた場合、当該広告を掲載し続けることは法第32 条 の規定に違反する。,建物の所有者と賃貸借契約を締結し、当該建物を自らが貸主となって貸借（転貸）するた めの広告をする場合においては、自らが契約の当事者となって貸借を成立させる旨を当該広 告に明示しなくても、法第34 条の規定に違反しない。,造成工事に必要とされる法令に基づく許可等の処分があった宅地について、工事完了前に 当該宅地の販売に関する広告をするときは、法令に基づく許可等の処分があったことを明示 すれば、取引態様の別について明示する必要はない。,複数の区画がある分譲地の売買について、数回に分けて広告をする場合は、最初に行う広 告だけではなく、次回以降の広告の都度取引態様の別を明示しなければならない。,3,正解は 3 です。 宅建業法では誇大広告等が禁止されています。また、未完成物件では必要な許可等を受ける前に広告や契約締結が制限される場合があります。 この解説は学習用の要約です。法改正や判例変更があるため、実務では最新条文・判例も確認してください。,令和6年度宅地建物取引士資格試験 公式PDF,2024_p19.jpg,q_2024_33.jpg
R6-2024-034,2024,34,宅建業法,FALSE,FALSE,"宅地建物取引業者Ａが、自ら売主として、宅地建物取引業者ではない個人Ｂとの 間で、土地付建物を4,000 万円で売却する売買契約（所有権の登記は当該土地付建物の引渡し 時に行うものとする。）を締結する場合における宅地建物取引業法（以下この問において 「法」という。）第41 条又は第41 条の2 の規定に基づく手付金等の保全措置（以下この問にお いて「保全措置」という。）に関する次の記述のうち、誤っているものはどれか。",Ａが、保全措置を講じずにＢから手付金100 万円を受領する場合、その旨を、法第35 条 の規定に基づく重要事項説明書に記載する必要があるが、法第37 条の規定により交付する 書面に記載する必要はない。,当該建物が建築工事の完了後の建物である場合、ＡがＢから手付金100 万円を受領する際 には保全措置は不要であるが、その後、当該土地付建物を引き渡す前に中間金400 万円を受 領するためには、手付金100 万円と合わせて保全措置を講じた後でなければ、その中間金を 受領することができない。,当該建物が建築工事の完了前の建物である場合において、Ａは、保全措置を講じずに、Ｂ から手付金300 万円を受領することができる。,"当該土地付建物の引渡し前に、ＢはＡに対して2,000 万円を中間金として支払う契約に なっていたが、Ａがその中間金について保全措置を講じていないときは、Ｂはこの中間金の 支払いを拒むことができる。 18",3,正解は 3 です。 手付は、解約手付・違約手付・証約手付などの性質が問題になります。宅建業者が自ら売主となる場合は、手付金等の保全措置や手付額の制限も重要です。 この解説は学習用の要約です。法改正や判例変更があるため、実務では最新条文・判例も確認してください。,令和6年度宅地建物取引士資格試験 公式PDF,2024_p19.jpg,q_2024_34.jpg
R6-2024-035,2024,35,宅建業法,FALSE,FALSE,宅地建物取引業者Ａが宅地建物取引業法第37 条の規定により交付すべき書面 （以下この問において「37 条書面」という。）に記載すべき事項を電磁的方法により提供する こと（以下この問において「37 条書面の電磁的方法による提供」という。）に関する次の記述 のうち、正しいものはどれか。,Ａが自ら売主として締結する宅地の売買契約において、37 条書面の電磁的方法による提 供を行う場合、当該契約の相手方に対し、あらかじめ、電磁的方法による提供に用いる電磁 的方法の種類及び内容を宅地建物取引士に説明させなければならない。,Ａが媒介業者として関与する建物賃貸借契約において、37 条書面の電磁的方法による提 供を行う場合、その方法は37 条書面の交付に係る宅地建物取引士が明示されるものでなけ ればならない。,Ａが自ら売主として締結する宅地の売買契約において、契約の相手方から37 条書面の電 磁的方法による提供を行うことについて書面により承諾を得た場合は、その後に当該契約の 相手方から書面で電磁的方法による提供を受けない旨の申出があったときでも、37 条書面 の電磁的方法による提供をすることができる。,Ａが媒介業者として関与する宅地の売買契約において、37 条書面の電磁的方法による提 供を行う場合であっても、提供後速やかに37 条書面を交付しなければならない。,2,正解は 2 です。 建物では、構造、耐震性、劣化、維持管理、設備状況などが重要です。中古住宅では契約不適合やインスペクションにもつながります。 この解説は学習用の要約です。法改正や判例変更があるため、実務では最新条文・判例も確認してください。,令和6年度宅地建物取引士資格試験 公式PDF,2024_p20.jpg,q_2024_35.jpg
R6-2024-036,2024,36,宅建業法,FALSE,FALSE,営業保証金及び宅地建物取引業保証協会（以下この問において「保証協会」とい う。）に関する次の記述のうち、宅地建物取引業法の規定によれば、誤っているものはどれか。,宅地建物取引業者で保証協会に加入しようとする者は、その加入しようとする日までに、 政令で定める額の弁済業務保証金分担金を当該保証協会に納付しなければならない。,保証協会の社員と宅地建物取引業に関し取引をした者（宅地建物取引業者に該当する者を 除く。）は、その取引により生じた債権に関し、当該社員が社員ではないとしたならばその 者が供託すべき営業保証金の額に相当する額の範囲内で弁済を受ける権利を有する。,宅地建物取引業者は、保証協会の社員の地位を失ったときは、保証協会が弁済業務保証金 の還付請求権者に対し、一定期間内に宅地建物取引業法第64 条の8 第2 項の規定による認 証を受けるため申し出るべき旨の公告をした後でなければ、弁済業務保証金分担金の返還を 受けることができない。,宅地建物取引業者は、一部の事務所を廃止し営業保証金を取り戻そうとする場合には、供 託した営業保証金につき還付を請求する権利を有する者に対し、公告をすることなく営業保 証金を取り戻すことができる。 19,4,正解は 4 です。 建物では、構造、耐震性、劣化、維持管理、設備状況などが重要です。中古住宅では契約不適合やインスペクションにもつながります。 この解説は学習用の要約です。法改正や判例変更があるため、実務では最新条文・判例も確認してください。,令和6年度宅地建物取引士資格試験 公式PDF,2024_p20.jpg,q_2024_36.jpg
R6-2024-037,2024,37,宅建業法,TRUE,FALSE,宅地建物取引業者が行う宅地建物取引業法第35 条に規定する重要事項説明に関 する次の記述のうち、正しいものはいくつあるか。なお、説明の相手方は宅地建物取引業者で はないものとする。 ア 建物の貸借の媒介を行う場合、水防法施行規則第11 条第1 号の規定により市町村の長が 提供する水害ハザードマップに当該建物の位置が含まれているときは、その所在地を示して 説明しなければならない。 イ 既存住宅の売買を行う場合、宅地建物取引業法第34 条の2 第1 項第4 号に規定する建物 状況調査の実施後、1 年を経過していないものについては、建物状況調査の実施の有無、実 施している場合の結果の概要について説明しなければならない。 ウ 宅地の売買を行う場合、宅地の造成に関する工事の完了前のものであるときは、完了時に おける当該宅地に接する道路の構造及び幅員を説明しなければならない。 エ 建物の貸借の媒介を行う場合、私道に関する負担の有無や内容を事前に調査し、説明しな ければならない。,一つ,二つ,三つ,四つ,3,正解は 3 です。 宅建業法35条の重要事項説明では、契約前に買主・借主が判断するために重要な事項を説明します。説明できるのは宅地建物取引士で、取引士証の提示や重要事項説明書への記名などがポイントです。 この解説は学習用の要約です。法改正や判例変更があるため、実務では最新条文・判例も確認してください。,令和6年度宅地建物取引士資格試験 公式PDF,2024_p21.jpg,q_2024_37.jpg
R6-2024-038,2024,38,宅建業法,FALSE,FALSE,宅地建物取引業の免許（以下この問において「免許」という。）に関する次の記 述のうち、宅地建物取引業法の規定によれば、正しいものはどれか。,宅地建物取引業者Ａが、免許の更新の申請をした場合において、従前の免許の有効期間の 満了の日までに、その申請について処分がなされないときは、従前の免許は、有効期間の満 了後その効力を失う。,宅地建物取引業者Ｂが宅地建物取引業者Ｃに自己の名義をもって宅地建物取引業を営ませ る行為は、Ｂが名義の使用を書面で指示している場合であれば、宅地建物取引業法に違反し ない。,宅地建物取引業者Ｄ（甲県知事免許）は、国土交通大臣に免許換えの申請をし、その免許 を受けなければ、乙県所在の宅地の売買の媒介をすることはできない。,宅地建物取引業者Ｅ（丙県知事免許）の免許の更新に当たって、丙県知事は宅地建物取引 業法第3 条の2 に基づき条件を付すことができ、Ｅが免許の更新に当たって付された条件に 違反したときは、丙県知事はＥの免許を取り消すことができる。 20,4,正解は 4 です。 宅地建物取引業を営むには原則として免許が必要です。免許権者、免許換え、欠格事由、廃業等の届出などが出題されやすい論点です。 この解説は学習用の要約です。法改正や判例変更があるため、実務では最新条文・判例も確認してください。,令和6年度宅地建物取引士資格試験 公式PDF,2024_p21.jpg,q_2024_38.jpg
R6-2024-039,2024,39,宅建業法,FALSE,FALSE,宅地建物取引業法第50 条第2 項の届出をすべき場所に関する次の記述のうち、 誤っているものはどれか。なお、これらの場所では、宅地若しくは建物の売買若しくは交換の 契約（予約を含む。）若しくは宅地若しくは建物の売買、交換若しくは貸借の代理若しくは媒 介の契約を締結し、又はこれらの契約の申込みを受けるものとする。,届出をすべき場所として、継続的に業務を行うことができる施設を有する場合で事務所以 外のものが定められているが、当該場所には1 名以上の成年者である専任の宅地建物取引士 を置かなければならない。,届出をすべき場所として、宅地建物取引業者が10 区画以上の一団の宅地又は10 戸以上の 一団の建物の分譲（以下この問において「一団の宅地建物の分譲」という。）をする場合に 設置する案内所が定められているが、当該案内所が土地に定着する建物内に設けられる場合、 クーリング・オフ制度の適用が除外される。,届出をすべき場所として、他の宅地建物取引業者が行う一団の宅地建物の分譲の代理又は 媒介をする場合に設置する案内所が定められており、この場合は、代理又は媒介を行う宅地 建物取引業者が届出をするが、売主業者自身も当該案内所で売買契約の申込みを受ける場合 は、売主業者も届出をする。,届出をすべき場所として、宅地建物取引業者が業務に関し展示会その他これに類する催し を実施する場所が定められているが、その催しを開始する10 日前までに、実施場所を管轄 する都道府県知事に届け出なければならず、免許を受けた国土交通大臣又は都道府県知事に 届け出る必要はない。 21,4,正解は 4 です。 代理では、代理権の範囲、無権代理、表見代理、復代理、自己契約・双方代理などが問われます。効果が本人に帰属するかが判断の中心です。 この解説は学習用の要約です。法改正や判例変更があるため、実務では最新条文・判例も確認してください。,令和6年度宅地建物取引士資格試験 公式PDF,2024_p22.jpg,q_2024_39.jpg
R6-2024-040,2024,40,宅建業法,FALSE,FALSE,宅地建物取引業者が媒介により既存建物の貸借の契約を成立させた場合、宅地建 物取引業法第37 条の規定により当該貸借の契約当事者に対して交付すべき書面に必ず記載し なければならない事項の組合せとして正しいものは次の1 から4 のうちどれか。 ア 当該建物に係る租税その他の公課の負担 イ 敷金や共益費など借賃以外の金銭の授受に関する定めがあるときは、その額並びに当該金 銭の授受の時期及び目的 ウ 損害賠償額の予定又は違約金に関する定めがあるときは、その内容 エ 建物の構造耐力上主要な部分又は雨水の侵入を防止する部分として国土交通省令で定める ものの状況,ア、イ,イ、ウ,ウ、エ,ア、エ,2,正解は 2 です。 媒介契約では、契約類型ごとの書面交付、指定流通機構への登録、業務処理状況の報告義務などが問われます。専任・専属専任・一般媒介の違いを整理することが重要です。 この解説は学習用の要約です。法改正や判例変更があるため、実務では最新条文・判例も確認してください。,令和6年度宅地建物取引士資格試験 公式PDF,2024_p23.jpg,q_2024_40.jpg
R6-2024-041,2024,41,宅建業法,TRUE,FALSE,宅地建物取引業者が行う宅地建物取引業法第35 条に規定する重要事項の説明に 関する次の記述のうち、正しいものはいくつあるか。なお、説明の相手方は宅地建物取引業者 ではないものとする。 ア 中古マンションの一室の売買の媒介を行う場合、抵当権が設定されていても、契約日まで にその登記が抹消される予定であるときは、当該抵当権の内容について説明しなくてもよい。 イ 宅地の貸借の媒介を行う場合、借地権の存続期間を50 年とする賃貸借契約において、当 該契約終了時における当該宅地の上の建物の取壊しに関する事項を定めようとするときは、 その内容を説明しなければならない。 ウ 建物の貸借の媒介を行う場合、当該建物が住宅の品質確保の促進等に関する法律第5 条第 1 項に規定する住宅性能評価を受けた新築住宅であるときは、その旨を説明しなければなら ない。 エ 宅地の売買の媒介を行う場合、当該宅地が急傾斜地の崩壊による災害の防止に関する法律 第3 条の規定に基づく急傾斜地崩壊危険区域内にあることは説明しなければならないが、当 該区域内における行為の制限の概要については説明しなくてもよい。,一つ,二つ,三つ,なし 22,1,正解は 1 です。 宅建業法35条の重要事項説明では、契約前に買主・借主が判断するために重要な事項を説明します。説明できるのは宅地建物取引士で、取引士証の提示や重要事項説明書への記名などがポイントです。 この解説は学習用の要約です。法改正や判例変更があるため、実務では最新条文・判例も確認してください。,令和6年度宅地建物取引士資格試験 公式PDF,2024_p23.jpg,q_2024_41.jpg
R6-2024-042,2024,42,宅建業法,FALSE,FALSE,次の記述のうち、宅地建物取引業法の規定及び「宅地建物取引業者による人の死 の告知に関するガイドライン」によれば、誤っているものはどれか。,宅地建物取引業者は、宅地建物取引業に係る契約の締結の勧誘をするに際し、宅地建物取 引業者の相手方等に対し、利益を生ずることが確実であると誤解させるべき断定的判断を提 供する行為をしてはならない。,宅地建物取引業者は、宅地又は建物の売買の契約の締結の勧誘をするに際し、宅地建物取 引業者の相手方等に対し、宅地又は建物の引渡しの時期について故意に不実のことを告げた 場合であっても、契約が成立したときに宅地建物取引業法第37 条の規定により交付すべき 書面に当該事項を正確に記載すればよい。,「宅地建物取引業者による人の死の告知に関するガイドライン」によれば、売買取引の対 象となる居住用不動産において、自然死や日常生活の中での不慮の死が発生した場合であっ ても、過去に人が死亡し、長期間にわたって人知れず放置されたこと等に伴ういわゆる特殊 清掃や大規模リフォーム等が行われていなければ、宅地建物取引業者は、原則として、買主 に対してこれを告げなくてもよい。,「宅地建物取引業者による人の死の告知に関するガイドライン」によれば、賃貸借取引の 対象となる居住用不動産において、自然死や日常生活の中での不慮の死以外の死が発生した 場合であっても、特段の事情がない限り、当該死が発覚してから概ね3 年間を経過した後は、 宅地建物取引業者は、原則として、借主に対してこれを告げなくてもよい。,2,正解は 2 です。 建物では、構造、耐震性、劣化、維持管理、設備状況などが重要です。中古住宅では契約不適合やインスペクションにもつながります。 この解説は学習用の要約です。法改正や判例変更があるため、実務では最新条文・判例も確認してください。,令和6年度宅地建物取引士資格試験 公式PDF,2024_p24.jpg,q_2024_42.jpg
R6-2024-043,2024,43,宅建業法,FALSE,FALSE,宅地建物取引士の登録及び宅地建物取引士証に関する次の記述のうち、誤ってい るものはどれか。,宅地建物取引士の登録を受けている者は、宅地建物取引士証の交付を受けていない場合で も、その住所に変更があれば、登録を受けている都道府県知事に変更の登録を申請しなけれ ばならない。,宅地建物取引士は、宅地建物取引士の信用又は品位を害するような行為をしてはならず、 この行為には宅地建物取引士としての職務に必ずしも直接関係しない行為や私的な行為も含 まれる。,宅地建物取引士は、取引の関係者から請求があったときは、宅地建物取引士証を提示しな ければならないが、その際、個人情報保護の観点から宅地建物取引士証の住所欄にシールを 貼った上で提示することが認められている。,宅地建物取引士証に記載される宅地建物取引士の氏名については現姓を用いなければなら ず、旧姓を併記することは認められていない。 23,4,正解は 4 です。 建物では、構造、耐震性、劣化、維持管理、設備状況などが重要です。中古住宅では契約不適合やインスペクションにもつながります。 この解説は学習用の要約です。法改正や判例変更があるため、実務では最新条文・判例も確認してください。,令和6年度宅地建物取引士資格試験 公式PDF,2024_p24.jpg,q_2024_43.jpg
R6-2024-044,2024,44,宅建業法,FALSE,FALSE,宅地建物取引業者Ａが宅地建物取引業法第37 条の規定により交付すべき書面 （以下この問において「37 条書面」という。）に関する次の記述のうち、宅地建物取引業法の 規定に違反しないものはどれか。,Ａは、建築工事完了前の建物の売買契約を媒介したときに、37 条書面に記載する当該建 物を特定するために必要な表示について、宅地建物取引業法第35 条の規定に基づく重要事 項の説明において使用した図書を交付することによって行った。,Ａは、貸主Ｂと借主Ｃとの間で締結された建物の賃貸借契約を媒介したときに、借賃の額、 支払時期及び支払方法について定められていたが、ＢとＣの承諾を得たので、37 条書面に 記載しなかった。,Ａは、宅地建物取引業者Ｄと宅地建物取引業者Ｅとの間で締結された宅地の売買契約を媒 介したときに、37 条書面に当該宅地の引渡しの時期を記載しなかった。,Ａが建物の売買契約を買主として締結した場合に、売主Ｆに承諾を得たので、37 条書面 をＦに交付しなかった。,1,正解は 1 です。 建物では、構造、耐震性、劣化、維持管理、設備状況などが重要です。中古住宅では契約不適合やインスペクションにもつながります。 この解説は学習用の要約です。法改正や判例変更があるため、実務では最新条文・判例も確認してください。,令和6年度宅地建物取引士資格試験 公式PDF,2024_p25.jpg,q_2024_44.jpg
R6-2024-045,2024,45,宅建業法,FALSE,FALSE,特定住宅瑕疵担保責任の履行の確保等に関する法律に基づく住宅販売瑕 か 疵 し 担保保 証金（以下この問において「保証金」という。）の供託又は住宅販売瑕 か 疵 し 担保責任保険契約 （以下この問において「保険契約」という。）の締結に関する次の記述のうち、正しいものはど れか。,自ら売主として宅地建物取引業者ではない買主に引き渡した新築住宅の戸数が、基準日前 10 年間に10 戸あるが、当該基準日前1 年間は0 戸である場合、当該売主である宅地建物取 引業者は、当該基準日に係る保証金の供託又は保険契約の締結の状況について届出を行う必 要はない。,自ら売主として新築住宅を宅地建物取引業者ではない買主に引き渡した宅地建物取引業者 は、基準日に係る保証金の供託及び保険契約の締結の状況について届出をしなければ、当該 基準日の翌日から起算して50 日を経過した日以後においては、新たに自ら売主となる新築 住宅の売買契約を締結してはならない。,保険契約は、新築住宅の引渡し時から有効でなければならないが、買主が当該住宅の引渡 し時から10 年以内に当該住宅を転売した場合、当該保険契約は解除される。,自ら売主として宅地建物取引業者ではない買主に新築住宅を引き渡した宅地建物取引業者 が、保証金を供託する場合、当該住宅の床面積が25 m2 以下であるときは、新築住宅の合計 戸数の算定に当たって、3 戸をもって1 戸と数えることになる。 24,2,正解は 2 です。 契約不適合責任では、目的物が契約内容に適合しない場合に、追完請求、代金減額請求、損害賠償請求、解除が問題になります。通知期間や売主が宅建業者の場合の特約制限にも注意します。 この解説は学習用の要約です。法改正や判例変更があるため、実務では最新条文・判例も確認してください。,令和6年度宅地建物取引士資格試験 公式PDF,2024_p25.jpg,q_2024_45.jpg
R6-2024-046,2024,46,免除科目,FALSE,FALSE,独立行政法人住宅金融支援機構（以下この問において「機構」という。）に関す る次の記述のうち、誤っているものはどれか。,証券化支援業務（買取型）において、機構による譲受けの対象となる住宅の購入に必要な 資金の貸付けに係る金融機関の貸付債権には、当該住宅の購入に付随する当該住宅の改良に 必要な資金は含まれない。,機構は、地震に対する安全性の向上を主たる目的とする住宅の改良に必要な資金の貸付け を業務として行っている。,機構は、民間金融機関による住宅資金の供給を支援するため、民間金融機関が貸し付けた 住宅ローンについて、住宅融資保険を引き受けている。,機構は、住宅のエネルギー消費性能（建築物のエネルギー消費性能の向上等に関する法律 第2 条第1 項第2 号に規定するエネルギー消費性能をいう。）の向上を主たる目的とする住 宅の改良に必要な資金の貸付けを業務として行っている。,1,正解は 1 です。 住宅金融支援機構では、証券化支援事業や住宅ローンに関する制度が問われます。宅建実務ではローン説明にも関係します。 この解説は学習用の要約です。法改正や判例変更があるため、実務では最新条文・判例も確認してください。,令和6年度宅地建物取引士資格試験 公式PDF,2024_p26.jpg,q_2024_46.jpg
R6-2024-047,2024,47,免除科目,FALSE,FALSE,宅地建物取引業者が行う広告に関する次の記述のうち、不当景品類及び不当表示 防止法（不動産の表示に関する公正競争規約を含む。）の規定によれば、正しいものはどれか。,新築分譲住宅の予告広告（価格が確定していないため、直ちに取引することができない物 件について、取引開始時期をあらかじめ告知する広告）を新聞折込チラシを用いて行った場 合は、本広告を新聞折込チラシ以外の媒体を用いて行ってはならない。,土地取引において、当該土地上に廃屋が存在するとき、実際の土地を見れば廃屋が存在す ることは明らかであるため、廃屋が存在する旨を明示する必要はない。,交通の利便性について、電車、バス等の交通機関の所要時間を表示する場合は、朝の通勤 ラッシュ時の所要時間ではなく、平常時の所要時間を明示しなければならない。,居住の用に供されたことはないが建築後1 年以上経過した一戸建て住宅について、新築で ある旨を表示することはできない。 25,4,正解は 4 です。 宅建業法では誇大広告等が禁止されています。また、未完成物件では必要な許可等を受ける前に広告や契約締結が制限される場合があります。 この解説は学習用の要約です。法改正や判例変更があるため、実務では最新条文・判例も確認してください。,令和6年度宅地建物取引士資格試験 公式PDF,2024_p26.jpg,q_2024_47.jpg
R6-2024-048,2024,48,免除科目,FALSE,FALSE,次の記述のうち、正しいものはどれか。,令和6 年地価公示（令和6 年3 月公表）によれば、令和5 年1 月以降の1 年間の地価の動 向は、三大都市圏・地方圏ともに、全用途平均・住宅地・商業地のいずれも3 年連続で上昇 した。,令和4 年度宅地建物取引業法の施行状況調査（令和5 年10 月公表）によれば、令和5 年,月末における宅地建物取引士の総登録者数は、200 万人を超えている。,令和5 年住宅・土地統計調査住宅数概数集計（速報集計）結果（令和6 年4 月公表）によ れば、令和5 年10 月1 日現在における賃貸・売却用及び二次的住宅（別荘など）を除く空 き家は、900 万戸に達している。 4 建築着工統計（令和6 年1 月公表）によれば、令和5 年の新設住宅着工戸数は90 万戸を 超え、3 年連続で増加した。,1,正解は 1 です。 問題文の条件を整理し、各選択肢が条文・判例・制度趣旨に合うかを一つずつ判断します。 この解説は学習用の要約です。法改正や判例変更があるため、実務では最新条文・判例も確認してください。,令和6年度宅地建物取引士資格試験 公式PDF,2024_p27.jpg,q_2024_48.jpg
R6-2024-049,2024,49,免除科目,FALSE,FALSE,土地に関する次の記述のうち、最も不適当なものはどれか。,30 度以上の角度をなす斜面を背後に控える宅地は、崖面への保護対策を講じるか、擁壁 を設けるなどの必要がある。,高さ2 m 以下の擁壁であれば、水抜き孔を有しなくても、地震による被害が生じること はない。,重力式擁壁は、擁壁の自重により、背面からの土圧に抵抗するコンクリート構造物である。,工場跡地や埋立地などでは、重金属や揮発性有機化合物などによる土壌汚染が問題となる ことがある。,2,正解は 2 です。 土地では、地形・地盤・災害リスク・道路付けなどが重要です。実務では買主の利用目的や再建築可能性にも関係します。 この解説は学習用の要約です。法改正や判例変更があるため、実務では最新条文・判例も確認してください。,令和6年度宅地建物取引士資格試験 公式PDF,2024_p27.jpg,q_2024_49.jpg
R6-2024-050,2024,50,免除科目,FALSE,FALSE,建物の構造に関する次の記述のうち、最も不適当なものはどれか。,ラーメン構造は、柱を鉛直方向、梁 はり を水平方向に配置し、接合部を強く固めた構造である。,ブレース構造は、柱や梁 はり などで構成された四角形の対角線上に部材を入れた構造である。,ブレース構造は、骨組全てに用いることが多く、ラーメン構造など他の構造と併用するこ とはない。,壁式構造は、板状の壁と床を箱形に組み、建物とする構造で、原則として、柱や梁 はり は用い ない。 受 験 番 号 ― 受 験 者 氏 名 令和6 年度問題,3,正解は 3 です。 建物では、構造、耐震性、劣化、維持管理、設備状況などが重要です。中古住宅では契約不適合やインスペクションにもつながります。 この解説は学習用の要約です。法改正や判例変更があるため、実務では最新条文・判例も確認してください。,令和6年度宅地建物取引士資格試験 公式PDF,2024_p27.jpg,q_2024_50.jpg
R5-2023-001,2023,1,権利関係,FALSE,FALSE,次の1 から4 までの記述のうち、民法の規定、判例及び下記判決文によれば、 誤っているものはどれか。 （判決文） 遺産は、相続人が数人あるときは、相続開始から遺産分割までの間、共同相続人の共有に属 するものであるから、この間に遺産である賃貸不動産を使用管理した結果生ずる金銭債権たる 賃料債権は、遺産とは別個の財産というべきであって、各共同相続人がその相続分に応じて分 割単独債権として確定的に取得するものと解するのが相当である。,遺産である不動産から、相続開始から遺産分割までの間に生じた賃料債権は、遺産である 不動産が遺産分割によって複数の相続人のうちの一人に帰属することとなった場合、当該不 動産が帰属することになった相続人が相続開始時にさかのぼって取得する。,相続人が数人あるときは、相続財産は、その共有に属し、各共同相続人は、その相続分に 応じて被相続人の権利義務を承継する。,遺産分割の効力は、相続開始の時にさかのぼって生ずる。ただし、第三者の権利を害する ことはできない。,遺産である不動産が遺産分割によって複数の相続人のうちの一人に帰属することとなった 場合、当該不動産から遺産分割後に生じた賃料債権は、遺産分割によって当該不動産が帰属 した相続人が取得する。,1,正解は 1 です。 相続では、相続人、相続分、遺産分割、代襲相続、相続放棄、遺言の効力などを整理します。相続開始前後で権利関係がどう変わるかがポイントです。 この解説は学習用の要約です。法改正や判例変更があるため、実務では最新条文・判例も確認してください。,令和5年度宅地建物取引士資格試験 公式PDF,2023_p03.jpg,q_2023_01.jpg
R5-2023-002,2023,2,権利関係,FALSE,FALSE,相隣関係に関する次の記述のうち、民法の規定によれば、正しいものはどれか。,土地の所有者は、境界標の調査又は境界に関する測量等の一定の目的のために必要な範囲 内で隣地を使用することができる場合であっても、住家については、その家の居住者の承諾 がなければ、当該住家に立ち入ることはできない。,土地の所有者は、隣地の竹木の枝が境界線を越える場合、その竹木の所有者にその枝を切 除させることができるが、その枝を切除するよう催告したにもかかわらず相当の期間内に切 除しなかったときであっても、自らその枝を切り取ることはできない。,相隣者の一人は、相隣者間で共有する障壁の高さを増すときは、他方の相隣者の承諾を得 なければならない。,他の土地に囲まれて公道に通じない土地の所有者は、公道に出るためにその土地を囲んで いる他の土地を自由に選んで通行することができる。 2,1,正解は 1 です。 権利関係は、民法・借地借家法などを中心に、契約の成立、効力、解除、対抗関係を判断する分野です。 この解説は学習用の要約です。法改正や判例変更があるため、実務では最新条文・判例も確認してください。,令和5年度宅地建物取引士資格試験 公式PDF,2023_p03.jpg,q_2023_02.jpg
R5-2023-003,2023,3,権利関係,FALSE,FALSE,Ａを注文者、Ｂを請負人として、Ａ所有の建物に対して独立性を有さずその構成 部分となる増築部分の工事請負契約を締結し、Ｂは3 か月間で増築工事を終了させた。この場 合に関する次の記述のうち、民法の規定及び判例によれば、誤っているものはどれか。なお、 この問において「契約不適合」とは品質に関して契約の内容に適合しないことをいい、当該請 負契約には契約不適合責任に関する特約は定められていなかったものとする。,ＡがＢに請負代金を支払っていなくても、Ａは増築部分の所有権を取得する。,Ｂが材料を提供して増築した部分に契約不適合がある場合、Ａは工事が終了した日から1 年以内にその旨をＢに通知しなければ、契約不適合を理由とした修補をＢに対して請求する ことはできない。,Ｂが材料を提供して増築した部分に契約不適合があり、Ｂは不適合があることを知りなが らそのことをＡに告げずに工事を終了し、Ａが工事終了日から3 年後に契約不適合を知った 場合、ＡはＢに対して、消滅時効が完成するまでは契約不適合を理由とした修補を請求する ことができる。,増築した部分にＡが提供した材料の性質によって契約不適合が生じ、Ｂが材料が不適当で あることを知らずに工事を終了した場合、ＡはＢに対して、Ａが提供した材料によって生じ た契約不適合を理由とした修補を請求することはできない。,2,正解は 2 です。 契約不適合責任では、目的物が契約内容に適合しない場合に、追完請求、代金減額請求、損害賠償請求、解除が問題になります。通知期間や売主が宅建業者の場合の特約制限にも注意します。 この解説は学習用の要約です。法改正や判例変更があるため、実務では最新条文・判例も確認してください。,令和5年度宅地建物取引士資格試験 公式PDF,2023_p04.jpg,q_2023_03.jpg
R5-2023-004,2023,4,権利関係,FALSE,FALSE,ＡがＢに対して貸金債権である甲債権を、ＢがＡに対して貸金債権である乙債権 をそれぞれ有している場合において、民法の規定及び判例によれば、次のアからエまでの記述 のうち、Ａが一方的な意思表示により甲債権と乙債権とを対当額にて相殺できないものを全て 掲げたものは、次の1 から4 のうちどれか。なお、いずれの債権も相殺を禁止し又は制限する 旨の意思表示はされていないものとする。 ア 弁済期の定めのない甲債権と、弁済期到来前に、ＡがＢに対して期限の利益を放棄する旨 の意思表示をした乙債権 イ 弁済期が到来している甲債権と、弁済期の定めのない乙債権 ウ 弁済期の定めのない甲債権と、弁済期が到来している乙債権 エ 弁済期が到来していない甲債権と、弁済期が到来している乙債権,ア、イ、ウ,イ、ウ,ウ、エ,エ 3,4,正解は 4 です。 意思表示では、心裡留保、通謀虚偽表示、錯誤、詐欺、強迫の効力と第三者保護が頻出です。取消し・無効・善意無過失の要件を比較して覚えます。 この解説は学習用の要約です。法改正や判例変更があるため、実務では最新条文・判例も確認してください。,令和5年度宅地建物取引士資格試験 公式PDF,2023_p04.jpg,q_2023_04.jpg
R5-2023-005,2023,5,権利関係,FALSE,FALSE,従来の住所又は居所を去った者（以下この問において「不在者」という。）の財 産の管理に関する次の記述のうち、民法の規定及び判例によれば、正しいものはどれか。なお、 この問において「管理人」とは、不在者の財産の管理人をいうものとする。,不在者が管理人を置かなかったときは、当該不在者の生死が7 年間明らかでない場合に限 り、家庭裁判所は、利害関係人又は検察官の請求により、その財産の管理について必要な処 分を命ずることができる。,不在者が管理人を置いた場合において、その不在者の生死が明らかでないときは、家庭裁 判所は、利害関係人又は検察官から請求があったとしても管理人を改任することはできない。,家庭裁判所により選任された管理人は、不在者を被告とする建物収去土地明渡請求を認容 した第一審判決に対して控訴を提起するには、家庭裁判所の許可が必要である。,家庭裁判所により選任された管理人は、保存行為として不在者の自宅を修理することがで きるほか、家庭裁判所の許可を得てこれを売却することができる。,4,正解は 4 です。 権利関係は、民法・借地借家法などを中心に、契約の成立、効力、解除、対抗関係を判断する分野です。 この解説は学習用の要約です。法改正や判例変更があるため、実務では最新条文・判例も確認してください。,令和5年度宅地建物取引士資格試験 公式PDF,2023_p05.jpg,q_2023_05.jpg
R5-2023-006,2023,6,権利関係,TRUE,FALSE,Ａ所有の甲土地について、Ｂが所有の意思をもって平穏にかつ公然と時効取得に 必要な期間占有を継続した場合に関する次の記述のうち、民法の規定及び判例によれば、正し いものはいくつあるか。 ア ＡがＣに対して甲土地を売却し、Ｃが所有権移転登記を備えた後にＢの取得時効が完成し た場合には、Ｂは登記を備えていなくても、甲土地の所有権の時効取得をＣに対抗すること ができる。 イ Ｂの取得時効が完成した後に、ＡがＤに対して甲土地を売却しＤが所有権移転登記を備え、 Ｂが、Ｄの登記の日から所有の意思をもって平穏にかつ公然と時効取得に必要な期間占有を 継続した場合、所有権移転登記を備えていなくても、甲土地の所有権の時効取得をＤに対抗 することができる。 ウ Ｂの取得時効完成後、Ｂへの所有権移転登記がなされないままＥがＡを債務者として甲土 地にＡから抵当権の設定を受けて抵当権設定登記をした場合において、Ｂがその後引き続き 所有の意思をもって平穏にかつ公然と時効取得に必要な期間占有を継続した場合、特段の事 情がない限り、再度の時効取得により、Ｂは甲土地の所有権を取得し、Ｅの抵当権は消滅す る。,一つ,二つ,三つ,なし 4,3,正解は 3 です。 取得時効・消滅時効では、時効完成の時期、援用、登記との関係が重要です。時効完成前後に第三者が現れた場合の対抗関係を整理します。 この解説は学習用の要約です。法改正や判例変更があるため、実務では最新条文・判例も確認してください。,令和5年度宅地建物取引士資格試験 公式PDF,2023_p05.jpg,q_2023_06.jpg
R5-2023-007,2023,7,権利関係,FALSE,FALSE,甲建物を所有するＡが死亡し、Ａの配偶者Ｂが甲建物の配偶者居住権を、Ａの子 Ｃが甲建物の所有権をそれぞれ取得する旨の遺産分割協議が成立した場合に関する次の記述の うち、民法の規定によれば、正しいものはどれか。,遺産分割協議において、Ｂの配偶者居住権の存続期間が定められなかった場合、配偶者居 住権の存続期間は20 年となる。,Ｂが高齢となり、バリアフリーのマンションに転居するための資金が必要になった場合、 Ｂは、Ｃの承諾を得ずに甲建物を第三者Ｄに賃貸することができる。,Ｃには、Ｂに対し、配偶者居住権の設定の登記を備えさせる義務がある。,Ｃは、甲建物の通常の必要費を負担しなければならない。,3,正解は 3 です。 相続では、相続人、相続分、遺産分割、代襲相続、相続放棄、遺言の効力などを整理します。相続開始前後で権利関係がどう変わるかがポイントです。 この解説は学習用の要約です。法改正や判例変更があるため、実務では最新条文・判例も確認してください。,令和5年度宅地建物取引士資格試験 公式PDF,2023_p06.jpg,q_2023_07.jpg
R5-2023-008,2023,8,権利関係,FALSE,FALSE,未成年者Ａが、法定代理人Ｂの同意を得ずに、Ｃから甲建物を買い受ける契約 （以下この問において「本件売買契約」という。）を締結した場合における次の記述のうち、民 法の規定によれば、正しいものはどれか。なお、Ａに処分を許された財産はなく、Ａは、営業 を許されてはいないものとする。,ＡがＢの同意を得ずに制限行為能力を理由として本件売買契約を取り消した場合、Ｂは、 自己が本件売買契約の取消しに同意していないことを理由に、Ａの当該取消しの意思表示を 取り消すことができる。,本件売買契約締結時にＡが未成年者であることにつきＣが善意無過失であった場合、Ｂは、 Ａの制限行為能力を理由として、本件売買契約を取り消すことはできない。,本件売買契約につき、取消しがなされないままＡが成年に達した場合、本件売買契約につ いてＢが反対していたとしても、自らが取消権を有すると知ったＡは、本件売買契約を追認 することができ、追認後は本件売買契約を取り消すことはできなくなる。,本件売買契約につき、Ｂが追認しないまま、Ａが成年に達する前にＢの同意を得ずに甲建 物をＤに売却した場合、ＢがＤへの売却について追認していないときでも、Ａは制限行為能 力を理由として、本件売買契約を取り消すことはできなくなる。 5,3,正解は 3 です。 代理では、代理権の範囲、無権代理、表見代理、復代理、自己契約・双方代理などが問われます。効果が本人に帰属するかが判断の中心です。 この解説は学習用の要約です。法改正や判例変更があるため、実務では最新条文・判例も確認してください。,令和5年度宅地建物取引士資格試験 公式PDF,2023_p06.jpg,q_2023_08.jpg
R5-2023-009,2023,9,権利関係,FALSE,FALSE,Ａを貸主、Ｂを借主として甲建物の賃貸借契約が令和5 年7 月1 日に締結された 場合の甲建物の修繕に関する次の記述のうち、民法の規定によれば、誤っているものはどれか。,甲建物の修繕が必要であることを、Ａが知ったにもかかわらず、Ａが相当の期間内に必要 な修繕をしないときは、Ｂは甲建物の修繕をすることができる。,甲建物の修繕が必要である場合において、ＢがＡに修繕が必要である旨を通知したにもか かわらず、Ａが必要な修繕を直ちにしないときは、Ｂは甲建物の修繕をすることができる。,Ｂの責めに帰すべき事由によって甲建物の修繕が必要となった場合は、Ａは甲建物を修繕 する義務を負わない。,甲建物の修繕が必要である場合において、急迫の事情があるときは、Ｂは甲建物の修繕を することができる。,2,正解は 2 です。 借地借家法では、普通借地・定期借地・普通建物賃貸借・定期建物賃貸借の違いが重要です。存続期間、更新、終了、書面要件を整理します。 この解説は学習用の要約です。法改正や判例変更があるため、実務では最新条文・判例も確認してください。,令和5年度宅地建物取引士資格試験 公式PDF,2023_p07.jpg,q_2023_09.jpg
R5-2023-010,2023,10,権利関係,FALSE,FALSE,"債務者Ａが所有する甲土地には、債権者Ｂが一番抵当権（債権額1,000 万円）、 債権者Ｃが二番抵当権（債権額1,200 万円）、債権者Ｄが三番抵当権（債権額2,000 万円）を それぞれ有しているが、ＢがＤの利益のため、Ａの承諾を得て抵当権の順位を放棄した。甲土 地の競売に基づく売却代金が2,400 万円であった場合、Ｂの受ける配当額として、民法の規定 によれば、正しいものはどれか。",0 円,200 万円,400 万円,800 万円 6,3,正解は 3 です。 担保物権では、抵当権・質権・留置権・先取特権の成立要件と効力を区別します。占有の要否、優先弁済、登記の要否が重要です。 この解説は学習用の要約です。法改正や判例変更があるため、実務では最新条文・判例も確認してください。,令和5年度宅地建物取引士資格試験 公式PDF,2023_p07.jpg,q_2023_10.jpg
R5-2023-011,2023,11,権利関係,FALSE,FALSE,ＡがＢとの間で、Ａ所有の甲土地につき建物所有目的で期間を50 年とする賃貸 借契約（以下この問において「本件契約」という。）を締結する場合に関する次の記述のうち、 借地借家法の規定及び判例によれば、正しいものはどれか。,本件契約に、当初の10 年間は地代を減額しない旨の特約を定めた場合、その期間内は、 ＢはＡに対して地代の減額請求をすることはできない。,本件契約が甲土地上で専ら賃貸アパート事業用の建物を所有する目的である場合、契約の 更新や建物の築造による存続期間の延長がない旨を定めるためには、公正証書で合意しなけ ればならない。,本件契約に建物買取請求権を排除する旨の特約が定められていない場合、本件契約が終了 したときは、その終了事由のいかんにかかわらず、ＢはＡに対してＢが甲土地上に所有して いる建物を時価で買い取るべきことを請求することができる。,本件契約がＢの居住のための建物を所有する目的であり契約の更新がない旨を定めていな い契約であって、期間満了する場合において甲土地上に建物があり、Ｂが契約の更新を請求 したとしても、Ａが遅滞なく異議を述べ、その異議に更新を拒絶する正当な事由があると認 められる場合は、本件契約は更新されない。,4,正解は 4 です。 借地借家法では、普通借地・定期借地・普通建物賃貸借・定期建物賃貸借の違いが重要です。存続期間、更新、終了、書面要件を整理します。 この解説は学習用の要約です。法改正や判例変更があるため、実務では最新条文・判例も確認してください。,令和5年度宅地建物取引士資格試験 公式PDF,2023_p08.jpg,q_2023_11.jpg
R5-2023-012,2023,12,権利関係,FALSE,FALSE,令和5 年7 月1 日に締結された建物の賃貸借契約（定期建物賃貸借契約及び一時 使用目的の建物の賃貸借契約を除く。）に関する次の記述のうち、民法及び借地借家法の規定 並びに判例によれば、正しいものはどれか。,期間を1 年未満とする建物の賃貸借契約は、期間を1 年とするものとみなされる。,当事者間において、一定の期間は建物の賃料を減額しない旨の特約がある場合、現行賃料 が不相当になったなどの事情が生じたとしても、この特約は有効である。,賃借人が建物の引渡しを受けている場合において、当該建物の賃貸人が当該建物を譲渡す るに当たり、当該建物の譲渡人及び譲受人が、賃貸人たる地位を譲渡人に留保する旨及び当 該建物の譲受人が譲渡人に賃貸する旨の合意をしたときは、賃貸人たる地位は譲受人に移転 しない。,現行賃料が定められた時から一定の期間が経過していなければ、賃料増額請求は、認めら れない。 7,3,正解は 3 です。 借地借家法では、普通借地・定期借地・普通建物賃貸借・定期建物賃貸借の違いが重要です。存続期間、更新、終了、書面要件を整理します。 この解説は学習用の要約です。法改正や判例変更があるため、実務では最新条文・判例も確認してください。,令和5年度宅地建物取引士資格試験 公式PDF,2023_p08.jpg,q_2023_12.jpg
R5-2023-013,2023,13,権利関係,FALSE,FALSE,建物の区分所有等に関する法律（以下この問において「法」という。）に関する 次の記述のうち、誤っているものはどれか。,集会においては、法で集会の決議につき特別の定数が定められている事項を除き、規約で 別段の定めをすれば、あらかじめ通知した事項以外についても決議することができる。,集会は、区分所有者の4 分の3 以上の同意があるときは、招集の手続を経ないで開くこと ができる。,共用部分の保存行為は、規約に別段の定めがある場合を除いて、各共有者がすることがで きるため集会の決議を必要としない。,一部共用部分に関する事項で区分所有者全員の利害に関係しないものについての区分所有 者全員の規約は、当該一部共用部分を共用すべき区分所有者が8 人である場合、3 人が反対 したときは変更することができない。,2,正解は 2 です。 建物では、構造、耐震性、劣化、維持管理、設備状況などが重要です。中古住宅では契約不適合やインスペクションにもつながります。 この解説は学習用の要約です。法改正や判例変更があるため、実務では最新条文・判例も確認してください。,令和5年度宅地建物取引士資格試験 公式PDF,2023_p09.jpg,q_2023_13.jpg
R5-2023-014,2023,14,権利関係,FALSE,FALSE,不動産の登記に関する次の記述のうち、不動産登記法の規定によれば、誤ってい るものはどれか。,建物が滅失したときは、表題部所有者又は所有権の登記名義人は、その滅失の日から1 か 月以内に、当該建物の滅失の登記を申請しなければならない。,何人も、理由の有無にかかわらず、登記官に対し、手数料を納付して、登記簿の附属書類 である申請書を閲覧することができる。,共有物分割禁止の定めに係る権利の変更の登記の申請は、当該権利の共有者である全ての 登記名義人が共同してしなければならない。,区分建物の所有権の保存の登記は、表題部所有者から所有権を取得した者も、申請するこ とができる。 8,2,正解は 2 です。 権利関係は、民法・借地借家法などを中心に、契約の成立、効力、解除、対抗関係を判断する分野です。 この解説は学習用の要約です。法改正や判例変更があるため、実務では最新条文・判例も確認してください。,令和5年度宅地建物取引士資格試験 公式PDF,2023_p09.jpg,q_2023_14.jpg
R5-2023-015,2023,15,法令上の制限,FALSE,FALSE,都市計画法に関する次の記述のうち、正しいものはどれか。,市街化調整区域は、土地利用を整序し、又は環境を保全するための措置を講ずることなく 放置すれば、将来における一体の都市としての整備に支障が生じるおそれがある区域とされ ている。,高度利用地区は、土地の合理的かつ健全な高度利用と都市機能の更新とを図るため、都市 計画に、建築物の高さの最低限度を定める地区とされている。,特定用途制限地域は、用途地域が定められている土地の区域内において、都市計画に、制 限すべき特定の建築物等の用途の概要を定める地域とされている。,地区計画は、用途地域が定められている土地の区域のほか、一定の場合には、用途地域が 定められていない土地の区域にも定めることができる。,4,正解は 4 です。 都市計画法では、市街化区域・市街化調整区域、用途地域、開発許可の要否が重要です。区域区分と開発行為の制限をセットで確認します。 この解説は学習用の要約です。法改正や判例変更があるため、実務では最新条文・判例も確認してください。,令和5年度宅地建物取引士資格試験 公式PDF,2023_p10.jpg,q_2023_15.jpg
R5-2023-016,2023,16,法令上の制限,FALSE,FALSE,都市計画法に関する次の記述のうち、正しいものはどれか。ただし、この問にお いて条例による特別の定めはないものとし、「都道府県知事」とは、地方自治法に基づく指定 都市、中核市及び施行時特例市にあってはその長をいうものとする。,開発許可を申請しようとする者は、あらかじめ、開発行為に関係がある公共施設の管理者 と協議し、その同意を得なければならない。,開発許可を受けた者は、当該許可を受ける際に申請書に記載した事項を変更しようとする 場合においては、都道府県知事に届け出なければならないが、当該変更が国土交通省令で定 める軽微な変更に当たるときは、届け出なくてよい。,開発許可を受けた者は、当該開発行為に関する工事が完了し、都道府県知事から検査済証 を交付されたときは、遅滞なく、当該工事が完了した旨を公告しなければならない。,市街化調整区域のうち開発許可を受けた開発区域以外の区域内において、自己の居住用の 住宅を新築しようとする全ての者は、当該建築が開発行為を伴わない場合であれば、都道府 県知事の許可を受けなくてよい。 9,1,正解は 1 です。 都市計画法では、市街化区域・市街化調整区域、用途地域、開発許可の要否が重要です。区域区分と開発行為の制限をセットで確認します。 この解説は学習用の要約です。法改正や判例変更があるため、実務では最新条文・判例も確認してください。,令和5年度宅地建物取引士資格試験 公式PDF,2023_p10.jpg,q_2023_16.jpg
R5-2023-017,2023,17,法令上の制限,FALSE,FALSE,建築基準法に関する次の記述のうち、誤っているものはどれか。,地方公共団体は、条例で、津波、高潮、出水等による危険の著しい区域を災害危険区域と して指定し、当該区域内における住居の用に供する建築物の建築を禁止することができる。,"3 階建て以上の建築物の避難階以外の階を、床面積の合計が1,500 m2 を超える物品販売 業の店舗の売場とする場合には、当該階から避難階又は地上に通ずる2 以上の直通階段を設 けなければならない。",建築物が防火地域及び準防火地域にわたる場合、その全部について準防火地域内の建築物 に関する規定を適用する。,石綿等をあらかじめ添加した建築材料は、石綿等を飛散又は発散させるおそれがないもの として国土交通大臣が定めたもの又は国土交通大臣の認定を受けたものを除き、使用しては ならない。,3,正解は 3 です。 建築基準法では、接道義務、建ぺい率、容積率、用途制限、防火・準防火地域などが頻出です。特に道路幅員による容積率制限に注意します。 この解説は学習用の要約です。法改正や判例変更があるため、実務では最新条文・判例も確認してください。,令和5年度宅地建物取引士資格試験 公式PDF,2023_p11.jpg,q_2023_17.jpg
R5-2023-018,2023,18,法令上の制限,FALSE,FALSE,次の記述のうち、建築基準法（以下この問において「法」という。）の規定によ れば、正しいものはどれか。,法第53 条第1 項及び第2 項の建蔽率制限に係る規定の適用については、準防火地域内に ある準耐火建築物であり、かつ、街区の角にある敷地又はこれに準ずる敷地で特定行政庁が 指定するものの内にある建築物にあっては同条第1 項各号に定める数値に10 分の2 を加え たものをもって当該各号に定める数値とする。,建築物又は敷地を造成するための擁壁は、道路内に、又は道路に突き出して建築し、又は 築造してはならず、地盤面下に設ける建築物においても同様である。,地方公共団体は、その敷地が袋路状道路にのみ接する建築物であって、延べ面積が150 m2 を超えるものについては、一戸建ての住宅であっても、条例で、その敷地が接しなければな らない道路の幅員、その敷地が道路に接する部分の長さその他その敷地又は建築物と道路と の関係に関して必要な制限を付加することができる。,冬至日において、法第56 条の2 第1 項の規定による日影規制の対象区域内の土地に日影 を生じさせるものであっても、対象区域外にある建築物であれば一律に、同項の規定は適用 されない。 10,1,正解は 1 です。 建築基準法では、接道義務、建ぺい率、容積率、用途制限、防火・準防火地域などが頻出です。特に道路幅員による容積率制限に注意します。 この解説は学習用の要約です。法改正や判例変更があるため、実務では最新条文・判例も確認してください。,令和5年度宅地建物取引士資格試験 公式PDF,2023_p11.jpg,q_2023_18.jpg
R5-2023-019,2023,19,法令上の制限,FALSE,FALSE,宅地造成等規制法に関する次の記述のうち、誤っているものはどれか。なお、こ の問において「都道府県知事」とは、地方自治法に基づく指定都市、中核市及び施行時特例市 にあってはその長をいうものとする。,都道府県知事は、関係市町村長の意見を聴いて、宅地造成工事規制区域内で、宅地造成に 伴う災害で相当数の居住者その他の者に危害を生ずるものの発生のおそれが大きい一団の造 成宅地の区域であって、一定の基準に該当するものを、造成宅地防災区域として指定するこ とができる。,都道府県知事は、その地方の気候、風土又は地勢の特殊性により、宅地造成等規制法の規 定のみによっては宅地造成に伴うがけ崩れ又は土砂の流出の防止の目的を達し難いと認める 場合は、都道府県（地方自治法に基づく指定都市、中核市又は施行時特例市の区域にあって は、それぞれ指定都市、中核市又は施行時特例市）の規則で、宅地造成工事規制区域内にお いて行われる宅地造成に関する工事の技術的基準を強化し、又は付加することができる。,都道府県知事は、宅地造成工事規制区域内の宅地について、宅地造成に伴う災害を防止す るために必要があると認める場合には、その宅地の所有者に対して、擁壁等の設置等の措置 をとることを勧告することができる。,宅地造成工事規制区域内の宅地において、雨水その他の地表水又は地下水を排除するため の排水施設の除却工事を行おうとする場合は、一定の場合を除き、都道府県知事への届出が 必要となる。,1,正解は 1 です。 宅地造成・盛土規制では、災害防止の観点から、一定の工事に許可や届出が必要となる場合があります。区域指定と工事内容を確認します。 この解説は学習用の要約です。法改正や判例変更があるため、実務では最新条文・判例も確認してください。,令和5年度宅地建物取引士資格試験 公式PDF,2023_p12.jpg,q_2023_19.jpg
R5-2023-020,2023,20,法令上の制限,FALSE,FALSE,土地区画整理法に関する次の記述のうち、誤っているものはどれか。,換地計画において定められた清算金は、換地処分の公告があった日の翌日において確定す る。,現に施行されている土地区画整理事業の施行地区となっている区域については、その施行 者の同意を得なければ、その施行者以外の者は、土地区画整理事業を施行することができな い。,施行者は、換地処分の公告があった場合において、施行地区内の土地及び建物について土 地区画整理事業の施行により変動があったときは、遅滞なく、その変動に係る登記を申請し、 又は嘱託しなければならない。,土地区画整理組合は、仮換地を指定しようとする場合においては、あらかじめ、その指定 について、土地区画整理審議会の同意を得なければならない。 11,4,正解は 4 です。 土地区画整理法では、仮換地、換地処分、清算金、保留地などの用語と効果を整理します。仮換地指定後の使用収益関係がポイントです。 この解説は学習用の要約です。法改正や判例変更があるため、実務では最新条文・判例も確認してください。,令和5年度宅地建物取引士資格試験 公式PDF,2023_p12.jpg,q_2023_20.jpg
R5-2023-021,2023,21,法令上の制限,FALSE,FALSE,農地に関する次の記述のうち、農地法（以下この問において「法」という。）の 規定によれば、誤っているものはどれか。,相続により農地を取得する場合は、法第3 条第1 項の許可を要しないが、相続人に該当し ない者が特定遺贈により農地を取得する場合は、同項の許可を受ける必要がある。,自己の所有する面積4 アールの農地を農作物の育成又は養畜の事業のための農業用施設に 転用する場合は、法第4 条第1 項の許可を受ける必要はない。,法第3 条第1 項又は法第5 条第1 項の許可が必要な農地の売買について、これらの許可を 受けずに売買契約を締結しても、その所有権の移転の効力は生じない。,社会福祉事業を行うことを目的として設立された法人（社会福祉法人）が、農地をその目 的に係る業務の運営に必要な施設の用に供すると認められる場合、農地所有適格法人でなく ても、農業委員会の許可を得て、農地の所有権を取得することができる。,2,正解は 2 です。 農地法では、農地の権利移動、転用、転用目的の権利移動について、3条・4条・5条の違いを押さえます。市街化区域内の届出との違いも重要です。 この解説は学習用の要約です。法改正や判例変更があるため、実務では最新条文・判例も確認してください。,令和5年度宅地建物取引士資格試験 公式PDF,2023_p13.jpg,q_2023_21.jpg
R5-2023-022,2023,22,法令上の制限,FALSE,FALSE,土地を取得する場合における届出に関する次の記述のうち、正しいものはどれか。 なお、この問において「事後届出」とは、国土利用計画法第23 条の届出をいい、「重要土地等 調査法」とは、重要施設周辺及び国境離島等における土地等の利用状況の調査及び利用の規制 等に関する法律をいうものとする。,"都市計画区域外において、国から一団の土地である6,000 m2 と5,000 m2 の土地を購入し た者は、事後届出を行う必要はない。","市街化区域を除く都市計画区域内において、Ａが所有する7,000 m2 の土地をＢが相続に より取得した場合、Ｂは事後届出を行う必要がある。","市街化区域において、Ｃが所有する3,000 m2 の土地をＤが購入する契約を締結した場合、 Ｃ及びＤは事後届出を行わなければならない。",重要土地等調査法の規定による特別注視区域内にある100 m2 の規模の土地に関する所有 権又はその取得を目的とする権利の移転をする契約を締結する場合には、当事者は、一定の 事項を、あらかじめ、内閣総理大臣に届け出なければならない。 12,1,正解は 1 です。 国土利用計画法では、一定面積以上の土地取引について事後届出が必要となる場合があります。届出義務者、届出期限、対象面積を確認します。 この解説は学習用の要約です。法改正や判例変更があるため、実務では最新条文・判例も確認してください。,令和5年度宅地建物取引士資格試験 公式PDF,2023_p13.jpg,q_2023_22.jpg
R5-2023-023,2023,23,税・その他,FALSE,FALSE,印紙税に関する次の記述のうち、正しいものはどれか。なお、以下の契約書はい ずれも書面により作成されたものとする。,売主Ａと買主Ｂが土地の譲渡契約書を3 通作成し、Ａ、Ｂ及び仲介人Ｃがそれぞれ1 通ず つ保存する場合、当該契約書3 通には印紙税が課される。,"一の契約書に土地の譲渡契約（譲渡金額5,000 万円）と建物の建築請負契約（請負金額 6,000 万円）をそれぞれ区分して記載した場合、印紙税の課税標準となる当該契約書の記載 金額は1 億1,000 万円である。","「Ｄの所有する甲土地（時価2,000 万円）をＥに贈与する」旨を記載した贈与契約書を作 成した場合、印紙税の課税標準となる当該契約書の記載金額は、2,000 万円である。","当初作成の「土地を1 億円で譲渡する」旨を記載した土地譲渡契約書の契約金額を変更す るために作成する契約書で、「当初の契約書の契約金額を1,000 万円減額し、9,000 万円と する」旨を記載した変更契約書について、印紙税の課税標準となる当該変更契約書の記載金 額は、1,000 万円である。",1,正解は 1 です。 登録免許税は登記に関する税、印紙税は契約書などの課税文書に関する税です。課税対象と納税のタイミングを区別します。 この解説は学習用の要約です。法改正や判例変更があるため、実務では最新条文・判例も確認してください。,令和5年度宅地建物取引士資格試験 公式PDF,2023_p14.jpg,q_2023_23.jpg
R5-2023-024,2023,24,税・その他,FALSE,FALSE,不動産取得税に関する次の記述のうち、正しいものはどれか。,不動産取得税の徴収については、特別徴収の方法によることができる。,不動産取得税は、目的税である。,不動産取得税は、不動産の取得に対し、当該不動産所在の市町村及び特別区において、当 該不動産の取得者に課する。,不動産取得税は、市町村及び特別区に対して、課することができない。 13,4,正解は 4 です。 不動産取得税は、不動産を取得した人に課される地方税です。取得原因、課税標準、住宅用特例などが出題されます。 この解説は学習用の要約です。法改正や判例変更があるため、実務では最新条文・判例も確認してください。,令和5年度宅地建物取引士資格試験 公式PDF,2023_p14.jpg,q_2023_24.jpg
R5-2023-025,2023,25,税・その他,FALSE,FALSE,不動産の鑑定評価に関する次の記述のうち、不動産鑑定評価基準によれば、正し いものはどれか。,原価法は、価格時点における対象不動産の収益価格を求め、この収益価格について減価修 正を行って対象不動産の比準価格を求める手法である。,原価法は、対象不動産が建物又は建物及びその敷地である場合には適用することができる が、対象不動産が土地のみである場合においては、いかなる場合も適用することができない。,取引事例比較法における取引事例が、特殊事情のある事例である場合、その具体的な状況 が判明し、事情補正できるものであっても採用することは許されない。,取引事例比較法は、近隣地域若しくは同一需給圏内の類似地域等において対象不動産と類 似の不動産の取引が行われている場合又は同一需給圏内の代替競争不動産の取引が行われて いる場合に有効である。,4,正解は 4 です。 不動産鑑定評価や地価公示では、価格形成要因、鑑定評価手法、公示価格の位置づけが問われます。 この解説は学習用の要約です。法改正や判例変更があるため、実務では最新条文・判例も確認してください。,令和5年度宅地建物取引士資格試験 公式PDF,2023_p15.jpg,q_2023_25.jpg
R5-2023-026,2023,26,宅建業法,TRUE,FALSE,宅地建物取引業法第37 条の規定により交付すべき書面に記載すべき事項を電磁 的方法により提供すること（以下この問において「37 条書面の電磁的方法による提供」とい う。）に関する次の記述のうち、正しいものはいくつあるか。 ア 宅地建物取引業者が自ら売主として締結する売買契約において、当該契約の相手方から宅 地建物取引業法施行令第3 条の4 第1 項に規定する承諾を得なければ、37 条書面の電磁的 方法による提供をすることができない。 イ 宅地建物取引業者が媒介業者として関与する売買契約について、宅地建物取引業法施行令 第3 条の4 第1 項に規定する承諾を取得するための通知の中に宅地建物取引士を明示してお けば、37 条書面の電磁的方法による提供において提供に係る宅地建物取引士を明示する必 要はない。 ウ 宅地建物取引業者が自ら売主として締結する売買契約において、37 条書面の電磁的方法 による提供を行う場合、当該提供されたファイルへの記録を取引の相手方が出力することに より書面を作成できるものでなければならない。 エ 宅地建物取引業者が媒介業者として関与する建物賃貸借契約について、37 条書面の電磁 的方法による提供を行う場合、当該提供するファイルに記録された記載事項について、改変 が行われていないかどうかを確認することができる措置を講じなければならない。,一つ,二つ,三つ,四つ 14,3,正解は 3 です。 媒介契約では、契約類型ごとの書面交付、指定流通機構への登録、業務処理状況の報告義務などが問われます。専任・専属専任・一般媒介の違いを整理することが重要です。 この解説は学習用の要約です。法改正や判例変更があるため、実務では最新条文・判例も確認してください。,令和5年度宅地建物取引士資格試験 公式PDF,2023_p15.jpg,q_2023_26.jpg
R5-2023-027,2023,27,宅建業法,FALSE,FALSE,宅地建物取引業法第34 条の2 第1 項第4 号に規定する建物状況調査（以下この 問において「建物状況調査」という。）に関する次の記述のうち、誤っているものはどれか。,建物状況調査とは、建物の構造耐力上主要な部分又は雨水の浸入を防止する部分として国 土交通省令で定めるものの状況の調査であって、経年変化その他の建物に生じる事象に関す る知識及び能力を有する者として国土交通省令で定める者が実施するものをいう。,宅地建物取引業者が建物状況調査を実施する者のあっせんを行う場合、建物状況調査を実 施する者は建築士法第2 条第1 項に規定する建築士であって国土交通大臣が定める講習を修 了した者でなければならない。,既存住宅の売買の媒介を行う宅地建物取引業者が売主に対して建物状況調査を実施する者 のあっせんを行った場合、宅地建物取引業者は売主から報酬とは別にあっせんに係る料金を 受領することはできない。,既存住宅の貸借の媒介を行う宅地建物取引業者は、宅地建物取引業法第37 条の規定によ り交付すべき書面に建物の構造耐力上主要な部分等の状況について当事者の双方が確認した 事項を記載しなければならない。,4,正解は 4 です。 建物では、構造、耐震性、劣化、維持管理、設備状況などが重要です。中古住宅では契約不適合やインスペクションにもつながります。 この解説は学習用の要約です。法改正や判例変更があるため、実務では最新条文・判例も確認してください。,令和5年度宅地建物取引士資格試験 公式PDF,2023_p16.jpg,q_2023_27.jpg
R5-2023-028,2023,28,宅建業法,TRUE,FALSE,宅地建物取引業者Ａの業務に関する次の記述のうち、宅地建物取引業法（以下こ の問において「法」という。）の規定に違反するものはいくつあるか。 ア Ａの従業員Ｂが、Ｃが所有する戸建住宅の買取りを目的とした訪問勧誘をＣに対して行っ たところ、Ｃから「契約の意思がないので今後勧誘に来ないでほしい」と言われたことから、 後日、Ａは、別の従業員Ｄに同じ目的で訪問勧誘を行わせて、当該勧誘を継続した。 イ Ａの従業員Ｅは、Ｆが所有する戸建住宅の買取りを目的とした電話勧誘をＦに対して行っ た際に、不実のことと認識しながら「今後5 年以内にこの一帯は再開発されるので、急いで 売却した方がよい。」と説明した。 ウ Ａの従業員Ｇは、Ｈが所有する戸建住宅の買取りを目的とした電話勧誘をＨに対して行お うと考え、23 時頃にＨの自宅に電話をかけ、勧誘を行い、Ｈの私生活の平穏を害し、Ｈを 困惑させた。 エ Ａは、Ｊとの間でＪが所有する戸建住宅を買い取る売買契約を締結し、法第37 条の規定 に基づく書面をＪに交付したが、Ａの宅地建物取引士に、当該書面に記名のみさせ、押印さ せることを省略した。,一つ,二つ,三つ,四つ 15,3,正解は 3 です。 建物では、構造、耐震性、劣化、維持管理、設備状況などが重要です。中古住宅では契約不適合やインスペクションにもつながります。 この解説は学習用の要約です。法改正や判例変更があるため、実務では最新条文・判例も確認してください。,令和5年度宅地建物取引士資格試験 公式PDF,2023_p16.jpg,q_2023_28.jpg
R5-2023-029,2023,29,宅建業法,FALSE,FALSE,宅地建物取引業の免許（以下この問において「免許」という。）に関する次の記 述のうち、宅地建物取引業法の規定によれば、正しいものはどれか。,宅地建物取引業者Ａ社の使用人であって、Ａ社の宅地建物取引業を行う支店の代表者であ るものが、道路交通法の規定に違反したことにより懲役の刑に処せられたとしても、Ａ社の 免許は取り消されることはない。,宅地建物取引業者Ｂ社の取締役が、所得税法の規定に違反したことにより罰金の刑に処せ られたとしても、Ｂ社の免許は取り消されることはない。,宅地建物取引業者である個人Ｃが、宅地建物取引業法の規定に違反したことにより罰金の 刑に処せられたとしても、Ｃの免許は取り消されることはない。,宅地建物取引業者Ｄ社の非常勤の取締役が、刑法第222 条（脅迫）の罪を犯したことによ り罰金の刑に処せられたとしても、Ｄ社の免許は取り消されることはない。,2,正解は 2 です。 宅地建物取引業を営むには原則として免許が必要です。免許権者、免許換え、欠格事由、廃業等の届出などが出題されやすい論点です。 この解説は学習用の要約です。法改正や判例変更があるため、実務では最新条文・判例も確認してください。,令和5年度宅地建物取引士資格試験 公式PDF,2023_p17.jpg,q_2023_29.jpg
R5-2023-030,2023,30,宅建業法,TRUE,FALSE,宅地建物取引業者Ａ（甲県知事免許）の営業保証金に関する次の記述のうち、宅 地建物取引業法の規定によれば、正しいものはいくつあるか。なお、Ａは宅地建物取引業保証 協会の社員ではないものとする。 ア Ａが免許を受けた日から6 か月以内に甲県知事に営業保証金を供託した旨の届出を行わな いとき、甲県知事はその届出をすべき旨の催告をしなければならず、当該催告が到達した日 から1 か月以内にＡが届出を行わないときは、その免許を取り消すことができる。 イ Ａは、営業保証金を供託したときは、その供託物受入れの記載のある供託書の写しを添付 して、その旨を甲県知事に届け出なければならず、当該届出をした後でなければ、その事業 を開始することができない。 ウ Ａは、営業保証金が還付され、甲県知事から営業保証金が政令で定める額に不足が生じた 旨の通知を受け、その不足額を供託したときは、30 日以内に甲県知事にその旨を届け出な ければならない。 エ Ａが免許失効に伴い営業保証金を取り戻す際、供託した営業保証金につき還付を受ける権 利を有する者に対し、3 か月を下らない一定期間内に申し出るべき旨を公告し、期間内にそ の申出がなかった場合でなければ、取り戻すことができない。,一つ,二つ,三つ,四つ 16,1,正解は 1 です。 宅地建物取引業を営むには原則として免許が必要です。免許権者、免許換え、欠格事由、廃業等の届出などが出題されやすい論点です。 この解説は学習用の要約です。法改正や判例変更があるため、実務では最新条文・判例も確認してください。,令和5年度宅地建物取引士資格試験 公式PDF,2023_p17.jpg,q_2023_30.jpg
R5-2023-031,2023,31,宅建業法,FALSE,FALSE,宅地建物取引業者がその業務に関して行う広告に関する次の記述のうち、宅地建 物取引業法（以下この問において「法」という。）の規定によれば、正しいものはどれか。な お、この問において「建築確認」とは、建築基準法第6 条第1 項の確認をいうものとする。,宅地又は建物の売買に関する注文を受けたときは、遅滞なくその注文をした者に対して取 引態様の別を明らかにしなければならないが、当該注文者が事前に取引態様の別を明示した 広告を見てから注文してきた場合においては、取引態様の別を遅滞なく明らかにする必要は ない。,既存の住宅に関する広告を行うときは、法第34 条の2 第1 項第4 号に規定する建物状況 調査を実施しているかどうかを明示しなければならない。,これから建築工事を行う予定である建築確認申請中の建物については、当該建物の売買の 媒介に関する広告をしてはならないが、貸借の媒介に関する広告はすることができる。,販売する宅地又は建物の広告に関し、著しく事実に相違する表示をした場合、監督処分の 対象となるだけでなく、懲役若しくは罰金に処せられ、又はこれを併科されることもある。,4,正解は 4 です。 宅建業法では誇大広告等が禁止されています。また、未完成物件では必要な許可等を受ける前に広告や契約締結が制限される場合があります。 この解説は学習用の要約です。法改正や判例変更があるため、実務では最新条文・判例も確認してください。,令和5年度宅地建物取引士資格試験 公式PDF,2023_p18.jpg,q_2023_31.jpg
R5-2023-032,2023,32,宅建業法,FALSE,FALSE,宅地建物取引業者が行う届出に関する次の記述のうち、宅地建物取引業法の規定 によれば、誤っているものはどれか。,宅地建物取引業者Ａ（甲県知事免許）が、新たに宅地建物取引業を営む支店を甲県内に設 置した場合、Ａはその日から30 日以内にその旨を甲県知事に届け出なければならない。,宅地建物取引業者Ｂ（乙県知事免許）が、宅地建物取引業者ではないＣとの合併により消 滅した場合、Ｂを代表する役員であった者は、その日から30 日以内にその旨を乙県知事に 届け出なければならない。,宅地建物取引業者Ｄ（丙県知事免許）が、本店における専任の宅地建物取引士Ｅの退職に 伴い、新たに専任の宅地建物取引士Ｆを本店に置いた場合、Ｄはその日から30 日以内にそ の旨を丙県知事に届け出なければならない。,宅地建物取引業者Ｇ（丁県知事免許）が、その業務に関し展示会を丁県内で実施する場合、 展示会を実施する場所において売買契約の締結（予約を含む。）又は売買契約の申込みの受 付を行うときは、Ｇは展示会での業務を開始する日の5 日前までに展示会を実施する場所に ついて丁県知事に届け出なければならない。 17,4,正解は 4 です。 国土利用計画法では、一定面積以上の土地取引について事後届出が必要となる場合があります。届出義務者、届出期限、対象面積を確認します。 この解説は学習用の要約です。法改正や判例変更があるため、実務では最新条文・判例も確認してください。,令和5年度宅地建物取引士資格試験 公式PDF,2023_p18.jpg,q_2023_32.jpg
R5-2023-033,2023,33,宅建業法,FALSE,FALSE,宅地建物取引業法第35 条に規定する重要事項の説明に関する次の記述のうち、 正しいものはどれか。,甲宅地を所有する宅地建物取引業者Ａが、乙宅地を所有する宅地建物取引業者ではない個 人Ｂと、甲宅地と乙宅地の交換契約を締結するに当たって、Ｂに対して、甲宅地に関する重 要事項の説明を行う義務はあるが、乙宅地に関する重要事項の説明を行う義務はない。,宅地の売買における当該宅地の引渡しの時期について、重要事項説明において説明しなけ ればならない。,宅地建物取引業者が売主となる宅地の売買に関し、売主が買主から受領しようとする金銭 のうち、買主への所有権移転の登記以後に受領するものに対して、宅地建物取引業法施行規 則第16 条の4 に定める保全措置を講ずるかどうかについて、重要事項説明書に記載する必 要がある。,重要事項説明書の電磁的方法による提供については、重要事項説明を受ける者から電磁的 方法でよいと口頭で依頼があった場合、改めて電磁的方法で提供することについて承諾を得 る必要はない。,1,正解は 1 です。 宅建業法35条の重要事項説明では、契約前に買主・借主が判断するために重要な事項を説明します。説明できるのは宅地建物取引士で、取引士証の提示や重要事項説明書への記名などがポイントです。 この解説は学習用の要約です。法改正や判例変更があるため、実務では最新条文・判例も確認してください。,令和5年度宅地建物取引士資格試験 公式PDF,2023_p19.jpg,q_2023_33.jpg
R5-2023-034,2023,34,宅建業法,TRUE,FALSE,"宅地建物取引業者Ａ（消費税課税事業者）は貸主Ｂから建物の貸借の媒介の依頼 を受け、宅地建物取引業者Ｃ（消費税課税事業者）は借主Ｄから建物の貸借の媒介の依頼を受 け、ＢとＤとの間で、1 か月分の借賃を12 万円（消費税等相当額を含まない。）とする賃貸借 契約（以下この問において「本件契約」という。）を成立させた場合における次の記述のうち、 宅地建物取引業法の規定に違反するものはいくつあるか。 ア 本件契約が建物を住居として貸借する契約である場合に、Ｃは、媒介の依頼を受けるに当 たってＤから承諾を得ないまま、132,000 円の報酬を受領した。 イ ＡはＢから事前に特別な広告の依頼があったので、依頼に基づく大手新聞掲載広告料金に 相当する額をＢに請求し、受領した。 ウ ＣはＤに対し、賃貸借契約書の作成費を、Ｄから限度額まで受領した媒介報酬の他に請求 して受領した。 エ 本件契約が建物を事務所として貸借する契約である場合に、報酬として、ＡはＢから 132,000 円を、ＣはＤから132,000 円をそれぞれ受領した。",一つ,二つ,三つ,四つ 18,3,正解は 3 です。 媒介契約では、契約類型ごとの書面交付、指定流通機構への登録、業務処理状況の報告義務などが問われます。専任・専属専任・一般媒介の違いを整理することが重要です。 この解説は学習用の要約です。法改正や判例変更があるため、実務では最新条文・判例も確認してください。,令和5年度宅地建物取引士資格試験 公式PDF,2023_p19.jpg,q_2023_34.jpg
R5-2023-035,2023,35,宅建業法,FALSE,FALSE,宅地建物取引業者Ａが、自ら売主として、宅地建物取引業者ではない買主Ｂから 宅地の買受けの申込みを受けた場合における宅地建物取引業法第37 条の2 の規定に基づくい わゆるクーリング・オフに関する次の記述のうち、正しいものはどれか。,Ａは、仮設テント張りの案内所でＢから買受けの申込みを受けた際、以後の取引について、 その取引に係る書類に関してＢから電磁的方法で提供をすることについての承諾を得た場合、 クーリング・オフについて電磁的方法で告げることができる。,Ａが、仮設テント張りの案内所でＢから買受けの申込みを受けた場合、Ｂは、クーリン グ・オフについて告げられた日から8 日以内に電磁的方法により当該申込みの撤回を申し出 れば、申込みの撤回を行うことができる。,Ａが、Ａの事務所でＢから買受けの申込みを受けた場合、Ｂは、申込みの日から8 日以内 に電磁的方法により当該申込みの撤回を申し出れば、申込みの撤回を行うことができる。,Ａが、売却の媒介を依頼している宅地建物取引業者Ｃの事務所でＢから買受けの申込みを 受けた場合、Ｂは、申込みの日から8 日以内に書面により当該申込みの撤回を申し出ても、 申込みの撤回を行うことができない。,4,正解は 4 です。 宅建業者が自ら売主となる売買で、事務所等以外の場所で申込みや契約をした場合などにクーリング・オフが問題になります。場所、書面告知、期間の確認がポイントです。 この解説は学習用の要約です。法改正や判例変更があるため、実務では最新条文・判例も確認してください。,令和5年度宅地建物取引士資格試験 公式PDF,2023_p20.jpg,q_2023_35.jpg
R5-2023-036,2023,36,宅建業法,TRUE,FALSE,次の記述のうち、宅地建物取引業者Ａが行う業務に関して宅地建物取引業法の規 定に違反するものはいくつあるか。 ア 建物の貸借の媒介に際して、賃借の申込みをした者がその撤回を申し出たので、Ａはか かった諸費用を差し引いて預り金を返還した。 イ Ａは、売主としてマンションの売買契約を締結するに際して、買主が手付として必要な額 を今すぐには用意できないと申し出たので、手付金の分割払いを買主に提案した。 ウ Ａは取引のあったつど、その年月日やその取引に係る宅地又は建物の所在及び面積その他 必要な記載事項を帳簿に漏らさず記載し、必要に応じて紙面にその内容を表示できる状態で、 電子媒体により帳簿の保存を行っている。 エ Ａはアンケート調査を装ってその目的がマンションの売買の勧誘であることを告げずに個 人宅を訪問し、マンションの売買の勧誘をした。,一つ,二つ,三つ,四つ 19,3,正解は 3 です。 媒介契約では、契約類型ごとの書面交付、指定流通機構への登録、業務処理状況の報告義務などが問われます。専任・専属専任・一般媒介の違いを整理することが重要です。 この解説は学習用の要約です。法改正や判例変更があるため、実務では最新条文・判例も確認してください。,令和5年度宅地建物取引士資格試験 公式PDF,2023_p20.jpg,q_2023_36.jpg
R5-2023-037,2023,37,宅建業法,FALSE,FALSE,次の記述のうち、宅地建物取引業法の規定によれば、正しいものはどれか。,宅地建物取引業者は、非常勤役員には従業者であることを証する証明書を携帯させる必要 はない。,宅地建物取引業者は、その事務所ごとに従業者名簿を備えなければならないが、取引の関 係者から閲覧の請求があった場合であっても、宅地建物取引業法第45 条に規定する秘密を 守る義務を理由に、閲覧を拒むことができる。,宅地建物取引業者の従業者は、宅地の買受けの申込みをした者から請求があった場合には、 その者が宅地建物取引業者であっても、その者に従業者であることを証する証明書を提示す る必要がある。,宅地建物取引業者は、従業者名簿を最終の記載をした日から5 年間保存しなければならな い。,3,正解は 3 です。 建物では、構造、耐震性、劣化、維持管理、設備状況などが重要です。中古住宅では契約不適合やインスペクションにもつながります。 この解説は学習用の要約です。法改正や判例変更があるため、実務では最新条文・判例も確認してください。,令和5年度宅地建物取引士資格試験 公式PDF,2023_p21.jpg,q_2023_37.jpg
R5-2023-038,2023,38,宅建業法,TRUE,FALSE,次の記述のうち、宅地建物取引業法の規定によれば、正しいものはいくつあるか。 ア 宅地建物取引業者Ａが、自ら所有する複数の建物について、複数人に対し、反復継続して 賃貸する行為は、宅地建物取引業に該当しない。 イ 宅地建物取引士とは、宅地建物取引士資格試験に合格し、都道府県知事の登録を受けた者 をいう。 ウ 建設業者Ｂが、建築請負工事の受注を目的として、業として宅地の売買の媒介を行う行為 は、宅地建物取引業に該当しない。 エ 宅地建物取引士は、宅地又は建物の取引に係る事務に必要な知識及び能力の維持向上に努 めなければならない。,一つ,二つ,三つ,四つ 20,2,正解は 2 です。 媒介契約では、契約類型ごとの書面交付、指定流通機構への登録、業務処理状況の報告義務などが問われます。専任・専属専任・一般媒介の違いを整理することが重要です。 この解説は学習用の要約です。法改正や判例変更があるため、実務では最新条文・判例も確認してください。,令和5年度宅地建物取引士資格試験 公式PDF,2023_p21.jpg,q_2023_38.jpg
R5-2023-039,2023,39,宅建業法,FALSE,FALSE,宅地建物取引業者Ａが、自ら売主として、宅地建物取引業者ではない個人Ｂとの 間で宅地の売買契約を締結する場合における手付金の保全措置に関する次の記述のうち、宅地 建物取引業法の規定によれば、正しいものはどれか。なお、当該契約に係る手付金は保全措置 が必要なものとする。,Ａは、Ｂから手付金を受領した後に、速やかに手付金の保全措置を講じなければならない。,Ａは、手付金の保全措置を保証保険契約を締結することにより講ずる場合、保険期間は保 証保険契約が成立した時から宅地建物取引業者が受領した手付金に係る宅地の引渡しまでの 期間とすればよい。,Ａは、手付金の保全措置を保証保険契約を締結することにより講ずる場合、保険事業者と の間において保証保険契約を締結すればよく、保険証券をＢに交付する必要はない。,Ａは、手付金の保全措置を保証委託契約を締結することにより講ずるときは、保証委託契 約に基づいて銀行等が手付金の返還債務を連帯して保証することを約する書面のＢへの交付 に代えて、Ｂの承諾を得ることなく電磁的方法により講ずることができる。,2,正解は 2 です。 手付は、解約手付・違約手付・証約手付などの性質が問題になります。宅建業者が自ら売主となる場合は、手付金等の保全措置や手付額の制限も重要です。 この解説は学習用の要約です。法改正や判例変更があるため、実務では最新条文・判例も確認してください。,令和5年度宅地建物取引士資格試験 公式PDF,2023_p22.jpg,q_2023_39.jpg
R5-2023-040,2023,40,宅建業法,FALSE,FALSE,宅地建物取引業者Ａが、ＢからＢ所有の中古住宅の売却の依頼を受け、専任媒介 契約（専属専任媒介契約ではないものとする。）を締結した場合に関する次の記述のうち、宅 地建物取引業法（以下この問において「法」という。）の規定によれば、正しいものはどれか。,Ａは、当該中古住宅について購入の申込みがあったときは、遅滞なく、その旨をＢに報告 しなければならないが、Ｂの希望条件を満たさない申込みだとＡが判断した場合については 報告する必要はない。,Ａは、法第34 条の2 第1 項の規定に基づく書面の交付後、速やかに、Ｂに対し、法第34 条の2 第1 項第4 号に規定する建物状況調査を実施する者のあっせんの有無について確認し なければならない。,Ａは、当該中古住宅について法で規定されている事項を、契約締結の日から休業日数を含 め7 日以内に指定流通機構へ登録する義務がある。,Ａは、Ｂが他の宅地建物取引業者の媒介又は代理によって売買の契約を成立させたときの 措置を法第34 条の2 第1 項の規定に基づく書面に記載しなければならない。 21,4,正解は 4 です。 媒介契約では、契約類型ごとの書面交付、指定流通機構への登録、業務処理状況の報告義務などが問われます。専任・専属専任・一般媒介の違いを整理することが重要です。 この解説は学習用の要約です。法改正や判例変更があるため、実務では最新条文・判例も確認してください。,令和5年度宅地建物取引士資格試験 公式PDF,2023_p22.jpg,q_2023_40.jpg
R5-2023-041,2023,41,宅建業法,FALSE,FALSE,次の記述のうち、宅地建物取引業法の規定によれば、正しいものはどれか。,甲県知事は、宅地建物取引士に対して必要な報告を求めることができるが、その対象は、 甲県知事登録の宅地建物取引士であって、適正な事務の遂行を確保するために必要な場合に 限られる。,宅地建物取引業者Ａ（甲県知事免許）で専任の宅地建物取引士として従事しているＢ（甲 県知事登録）が、勤務実態のない宅地建物取引業者Ｃ（乙県知事免許）において、自らが専 任の宅地建物取引士である旨の表示がされていることを許した場合には、乙県知事は、Ｂに 対し、必要な指示をすることができる。,宅地建物取引士が不正の手段により宅地建物取引士証の交付を受けた場合においては、そ の登録をしている都道府県知事は、情状が特に重いときは、当該宅地建物取引士の登録を消 除することができる。,都道府県知事は、宅地建物取引士に対して登録消除処分を行ったときは、適切な方法で公 告しなければならない。,2,正解は 2 です。 建物では、構造、耐震性、劣化、維持管理、設備状況などが重要です。中古住宅では契約不適合やインスペクションにもつながります。 この解説は学習用の要約です。法改正や判例変更があるため、実務では最新条文・判例も確認してください。,令和5年度宅地建物取引士資格試験 公式PDF,2023_p23.jpg,q_2023_41.jpg
R5-2023-042,2023,42,宅建業法,TRUE,FALSE,宅地建物取引業法第35 条に規定する重要事項の説明に関する次の記述のうち、 誤っているものはいくつあるか。 ア 宅地建物取引士は、重要事項説明をする場合、取引の相手方から請求されなければ、宅地 建物取引士証を相手方に提示する必要はない。 イ 売主及び買主が宅地建物取引業者ではない場合、当該取引の媒介業者は、売主及び買主に 重要事項説明書を交付し、説明を行わなければならない。 ウ 宅地の売買について売主となる宅地建物取引業者は、買主が宅地建物取引業者である場合、 重要事項説明書を交付しなければならないが、説明を省略することはできる。 エ 宅地建物取引業者である売主は、宅地建物取引業者ではない買主に対して、重要事項とし て代金並びにその支払時期及び方法を説明しなければならない。,一つ,二つ,三つ,四つ 22,3,正解は 3 です。 宅建業法35条の重要事項説明では、契約前に買主・借主が判断するために重要な事項を説明します。説明できるのは宅地建物取引士で、取引士証の提示や重要事項説明書への記名などがポイントです。 この解説は学習用の要約です。法改正や判例変更があるため、実務では最新条文・判例も確認してください。,令和5年度宅地建物取引士資格試験 公式PDF,2023_p23.jpg,q_2023_42.jpg
R5-2023-043,2023,43,宅建業法,FALSE,FALSE,宅地建物取引業者Ａが媒介により宅地の売買契約を成立させた場合における宅地 建物取引業法第37 条の規定により交付すべき書面（以下この問において「37 条書面」とい う。）に関する次の記述のうち、正しいものはどれか。,Ａは、買主が宅地建物取引業者であるときは、37 条書面に移転登記の申請時期を記載し なくてもよい。,Ａは、37 条書面を売買契約成立前に、各当事者に交付しなければならない。,Ａは、37 条書面を作成したときは、専任の宅地建物取引士をして37 条書面に記名させる 必要がある。,Ａは、天災その他不可抗力による損害の負担に関する定めがあるときは、その内容を37 条書面に記載しなければならない。,4,正解は 4 です。 媒介契約では、契約類型ごとの書面交付、指定流通機構への登録、業務処理状況の報告義務などが問われます。専任・専属専任・一般媒介の違いを整理することが重要です。 この解説は学習用の要約です。法改正や判例変更があるため、実務では最新条文・判例も確認してください。,令和5年度宅地建物取引士資格試験 公式PDF,2023_p24.jpg,q_2023_43.jpg
R5-2023-044,2023,44,宅建業法,FALSE,FALSE,宅地建物取引業保証協会（以下この問において「保証協会」という。）に関する 次の記述のうち、宅地建物取引業法の規定によれば、正しいものはどれか。,保証協会の社員は、自らが取り扱った宅地建物取引業に係る取引の相手方から当該取引に 関する苦情について解決の申出が保証協会にあり、保証協会から関係する資料の提出を求め られたときは、正当な理由がある場合でなければ、これを拒んではならない。,保証協会は、社員がその一部の事務所を廃止したことに伴って弁済業務保証金分担金を当 該社員に返還しようとするときは、弁済業務保証金の還付請求権者に対し、一定期間内に認 証を受けるため申し出るべき旨の公告を行わなければならない。,保証協会は、宅地建物取引業者の相手方から、社員である宅地建物取引業者の取り扱った 宅地建物取引業に係る取引に関する損害の還付請求を受けたときは、直ちに弁済業務保証金 から返還しなければならない。,保証協会は、手付金等保管事業について国土交通大臣の承認を受けた場合、社員が自ら売 主となって行う宅地又は建物の売買で、宅地の造成又は建築に関する工事の完了前における 買主からの手付金等の受領について、当該事業の対象とすることができる。 23,1,正解は 1 です。 建物では、構造、耐震性、劣化、維持管理、設備状況などが重要です。中古住宅では契約不適合やインスペクションにもつながります。 この解説は学習用の要約です。法改正や判例変更があるため、実務では最新条文・判例も確認してください。,令和5年度宅地建物取引士資格試験 公式PDF,2023_p24.jpg,q_2023_44.jpg
R5-2023-045,2023,45,宅建業法,FALSE,FALSE,宅地建物取引業者Ａが、自ら売主として、宅地建物取引業者ではない買主Ｂに新 築住宅を販売する場合に関する次の記述のうち、特定住宅瑕疵担保責任の履行の確保等に関す る法律の規定によれば、正しいものはどれか。,Ａが信託会社又は金融機関の信託業務の兼営等に関する法律第1 条第1 項の認可を受けた 金融機関であって、宅地建物取引業を営むものである場合、住宅販売瑕 か 疵 し 担保保証金の供託 又は住宅販売瑕 か 疵 し 担保責任保険契約の締結を行う義務を負わない。,Ａは、住宅販売瑕 か 疵 し 担保保証金の供託をする場合、当該住宅の売買契約を締結するまでに、 Ｂに対し供託所の所在地等について、必ず書面を交付して説明しなければならず、買主の承 諾を得ても書面の交付に代えて電磁的方法により提供することはできない。,Ａは、住宅販売瑕 か 疵 し 担保保証金の供託をする場合、当該住宅の最寄りの供託所へ住宅販売 瑕 か 疵 し 担保保証金の供託をしなければならない。,ＡＢ間の売買契約において、当該住宅の構造耐力上主要な部分に瑕 か 疵 し があってもＡが瑕 か 疵 し 担保責任を負わない旨の特約があった場合においても、Ａは住宅販売瑕 か 疵 し 担保保証金の供託 又は住宅販売瑕 か 疵 し 担保責任保険契約の締結を行う義務を負う。 24,4,正解は 4 です。 契約不適合責任では、目的物が契約内容に適合しない場合に、追完請求、代金減額請求、損害賠償請求、解除が問題になります。通知期間や売主が宅建業者の場合の特約制限にも注意します。 この解説は学習用の要約です。法改正や判例変更があるため、実務では最新条文・判例も確認してください。,令和5年度宅地建物取引士資格試験 公式PDF,2023_p25.jpg,q_2023_45.jpg
R5-2023-046,2023,46,免除科目,FALSE,FALSE,独立行政法人住宅金融支援機構（以下この問において「機構」という。）に関す る次の記述のうち、誤っているものはどれか。,機構は、子どもを育成する家庭又は高齢者の家庭（単身の世帯を含む。）に適した良好な 居住性能及び居住環境を有する賃貸住宅の建設に必要な資金の貸付けを業務として行ってい る。,機構は、証券化支援事業（買取型）において、新築住宅に対する貸付債権のみを買取りの 対象としている。,機構は、証券化支援事業（買取型）において、ＺＥＨ（ネット・ゼロ・エネルギーハウ ス）及び省エネルギー性、耐震性、バリアフリー性、耐久性・可変性に優れた住宅を取得す る場合に、貸付金の利率を一定期間引き下げる制度を実施している。,機構は、マンション管理組合や区分所有者に対するマンション共用部分の改良に必要な資 金の貸付けを業務として行っている。,2,正解は 2 です。 住宅金融支援機構では、証券化支援事業や住宅ローンに関する制度が問われます。宅建実務ではローン説明にも関係します。 この解説は学習用の要約です。法改正や判例変更があるため、実務では最新条文・判例も確認してください。,令和5年度宅地建物取引士資格試験 公式PDF,2023_p26.jpg,q_2023_46.jpg
R5-2023-047,2023,47,免除科目,FALSE,FALSE,宅地建物取引業者が行う広告に関する次の記述のうち、不当景品類及び不当表示 防止法（不動産の表示に関する公正競争規約を含む。）の規定によれば、正しいものはどれか。,実際には取引する意思がない物件であっても実在するものであれば、当該物件を広告に掲 載しても不当表示に問われることはない。,直線距離で50 m 以内に街道が存在する場合、物件名に当該街道の名称を用いることがで きる。,物件の近隣に所在するスーパーマーケットを表示する場合は、物件からの自転車による所 要時間を明示しておくことで、徒歩による所要時間を明示する必要がなくなる。,一棟リノベーションマンションについては、一般消費者に対し、初めて購入の申込みの勧 誘を行う場合であっても、「新発売」との表示を行うことはできない。 25,2,正解は 2 です。 宅建業法では誇大広告等が禁止されています。また、未完成物件では必要な許可等を受ける前に広告や契約締結が制限される場合があります。 この解説は学習用の要約です。法改正や判例変更があるため、実務では最新条文・判例も確認してください。,令和5年度宅地建物取引士資格試験 公式PDF,2023_p26.jpg,q_2023_47.jpg
R5-2023-048,2023,48,免除科目,FALSE,FALSE,次の記述のうち、誤っているものはどれか。,令和3 年度宅地建物取引業法の施行状況調査（令和4 年9 月公表）によれば、令和4 年3 月末における宅地建物取引業者の全事業者数は14 万業者を超え、8 年連続で増加した。,令和5 年地価公示（令和5 年3 月公表）によれば、令和4 年1 月以降の1 年間の地価につ いて、地方圏平均では、全用途平均、住宅地、商業地のいずれも2 年連続で上昇し、工業地 は6 年連続で上昇した。,建築着工統計調査報告（令和4 年計。令和5 年1 月公表）によれば、令和4 年の民間非居 住建築物の着工床面積は、前年と比較すると、工場及び倉庫は増加したが、事務所及び店舗 が減少したため、全体で減少となった。,年次別法人企業統計調査（令和3 年度。令和4 年9 月公表）によれば、令和3 年度におけ る不動産業の売上高営業利益率は11.1 ％と2 年連続で前年度と比べ上昇し、売上高経常利 益率も12.5 ％と2 年連続で前年度と比べ上昇した。,1,正解は 1 です。 問題文の条件を整理し、各選択肢が条文・判例・制度趣旨に合うかを一つずつ判断します。 この解説は学習用の要約です。法改正や判例変更があるため、実務では最新条文・判例も確認してください。,令和5年度宅地建物取引士資格試験 公式PDF,2023_p27.jpg,q_2023_48.jpg
R5-2023-049,2023,49,免除科目,FALSE,FALSE,土地に関する次の記述のうち、最も不適当なものはどれか。,自然堤防の後背湿地側の縁は、砂が緩く堆積していて、地下水位も浅いため、地震時に液 状化被害が生じやすい地盤である。,谷底低地に軟弱層が厚く堆積している所では、地震動が凝縮されて、震動が小さくなる。,1923 年の関東地震の際には、東京の谷底低地で多くの水道管や建物が被害を受けた。,大都市の近郊の丘陵地では、丘を削り谷部に盛土し造成宅地が造られたが、盛土造成に際 しては、地下水位を下げるため排水施設を設け、締め固める等の必要がある。,2,正解は 2 です。 土地では、地形・地盤・災害リスク・道路付けなどが重要です。実務では買主の利用目的や再建築可能性にも関係します。 この解説は学習用の要約です。法改正や判例変更があるため、実務では最新条文・判例も確認してください。,令和5年度宅地建物取引士資格試験 公式PDF,2023_p27.jpg,q_2023_49.jpg
R5-2023-050,2023,50,免除科目,FALSE,FALSE,建物の構造と材料に関する次の記述のうち、最も不適当なものはどれか。,鉄筋コンクリート構造は、地震や風の力を受けても、躯 く 体の変形は比較的小さく、耐火性 にも富んでいる。,鉄筋コンクリート構造は、躯 く 体の断面が大きく、材料の質量が大きいので、建物の自重が 大きくなる。,鉄筋コンクリート構造では、鉄筋とコンクリートを一体化するには、断面が円形の棒鋼で ある丸鋼の方が表面に突起をつけた棒鋼である異形棒鋼より、優れている。,鉄筋コンクリート構造は、コンクリートが固まって所定の強度が得られるまでに日数がか かり、現場での施工も多いので、工事期間が長くなる。 受 験 番 号 ― 受 験 者 氏 名 令和5 年度問題,3,正解は 3 です。 建物では、構造、耐震性、劣化、維持管理、設備状況などが重要です。中古住宅では契約不適合やインスペクションにもつながります。 この解説は学習用の要約です。法改正や判例変更があるため、実務では最新条文・判例も確認してください。,令和5年度宅地建物取引士資格試験 公式PDF,2023_p27.jpg,q_2023_50.jpg
R4-2022-001,2022,1,権利関係,FALSE,FALSE,次の1から4までの記述のうち、民法の規定、判例及び下記判決文によれば、正 しいものはどれか。 (判決文) 所有者中からとが不動産を買い受け、その登記が未了の間に、内が当該不動産を甲から二重 に買い受け、更に内から転得者丁が買い受けて登記を完了した場合に、たとい内が背信的悪意 者に当たるとしても、丁は、とに対する関係で丁自身が背信的悪意者と評価されるのでない限 り、当該不動産の所有権取得をもって乙に対抗することができるものと解するのが相当である。,所有者AからBが不動産を買い受け、その登記が未丁の間に、Cが当該不動産をんから二 重に買い受けて登記を完了した場合、Cは、自らが背信的悪意者に該当するときであっても、 当該不動産の所有権取得をもってBに対抗することができる。,所有者AからBが不動産を買い受け、その登記が未耳の間に、育信的悪意者ではないCが 、 当喜不動産をたから二重に買い受けた場合、先に買い受けたBは登記が未耳であっても当該 不動産の所有権取得をもってCに対抗することができる。,所有者AからBが不動産を買い受け、その登記が未耳の間に、信的悪意者であるCが当 談不動産をAから二重に買い受け、更にCから転得者Dが買い受けて登記を完了した場合、 DもBに対する関係で背信的悪意者に該当するときには、Dは当該不動産の所有権取得を もってBに対抗することができない。,所有者AからBが不動産を買い受け、その登記が未了の間に、Cが当該不動産をAから二 重に買い受け登記を完了した場合、Cが背信的悪意者に該当しなくても Bが登記未耳である ことにつき悪意であるときには、Cは当設不動産の所有権取得をもってBに対抗することが できない。 ・,3,正解は 3 です。 権利関係は、民法・借地借家法などを中心に、契約の成立、効力、解除、対抗関係を判断する分野です。 この解説は学習用の要約です。法改正や判例変更があるため、実務では最新条文・判例も確認してください。,令和4年度宅地建物取引士資格試験 公式PDF（OCR抽出）,2022_p03.jpg,q_2022_01.jpg
R4-2022-002,2022,2,権利関係,FALSE,FALSE,相続に関する次の記述のうち、民法の規定によれば、誤っているものはどれか。,被相続人の生前においては、相続人は、家許靖判所の許可を受けることにより、 遺留分を 放棄することができる。 -,家庭裁判所への相続放棄の申述は、被相続人の生前には行うことができない。,相続人が遺留分の放棄について家庭塚判所の許可を受けると、当該相続人は、拉相続人の 遺産を相続する権利を失う。,相続人が彼相続人の兄弟姉妹である場合、当該相続人には遺留分がない。 ーュー,3,正解は 3 です。 相続では、相続人、相続分、遺産分割、代襲相続、相続放棄、遺言の効力などを整理します。相続開始前後で権利関係がどう変わるかがポイントです。 この解説は学習用の要約です。法改正や判例変更があるため、実務では最新条文・判例も確認してください。,令和4年度宅地建物取引士資格試験 公式PDF（OCR抽出）,2022_p03.jpg,q_2022_02.jpg
R4-2022-003,2022,3,権利関係,FALSE,FALSE,制限行為能力者に関する次の記述のうち、民法の規定及び判例によれば、正しい ものはどれか。,成年後見人は、後見監督人がいる場合には、後見監督人の同意を得なければ、成年披後見 人の法律行為を取り消すことができない。,相続の放棄は相手方のない単独行為でもるから、成年後見人が成年被後見人に代わってこ れを行っても、利益相反行為となることはない。,成年後見人は成年被後見人の法定代理人である一方、保佐人は被保佐人の行為に対する同 意権と取消権を有するが、代理権が付与さんることはない。,令和4年4月1日からは、成年年齢が18 歳となったため、18 歳の者は、年齢を理由とす る後見人の欠格事由に該当しない。,4,正解は 4 です。 権利関係は、民法・借地借家法などを中心に、契約の成立、効力、解除、対抗関係を判断する分野です。 この解説は学習用の要約です。法改正や判例変更があるため、実務では最新条文・判例も確認してください。,令和4年度宅地建物取引士資格試験 公式PDF（OCR抽出）,2022_p04.jpg,q_2022_03.jpg
R4-2022-004,2022,4,権利関係,FALSE,FALSE,A所有の甲土地にBのCに対する債務を担保するためにCの抵当権 (以下この問 において「本件抵当権」 という。) が設定され、その冒の登記がなされた場合に関する次の記 述のうち、民法の規定によれば、正しいものはどれか。,Aから甲土地を買い受けたDが、Cの請求に応じてその代価を弁済したときは、本件抵当 権はDのために消滅する。,Cに対抗することができない賃貸借により甲土地を競売手続の開始前から使用するEは、 甲土地の競売における買受人Fの買受けの時から 6 か月を経遇するまでは、甲土地をFに引 き渡すことを要しない。,本件抵当権設定登記後に、甲土地上に建物が築造された場合、Cが本件抵当権の実行と して競売を申し立てるときには、皿土地とともにて建物の競売も申し立てなければならない。,BがAから甲土地を買い受けた場合、Bは抵当不動産の第三取得者として、本件抵当権に ついて、Cに対して抵当権消滅請求をすることができる。 - ー32 一,1,正解は 1 です。 契約不適合責任では、目的物が契約内容に適合しない場合に、追完請求、代金減額請求、損害賠償請求、解除が問題になります。通知期間や売主が宅建業者の場合の特約制限にも注意します。 この解説は学習用の要約です。法改正や判例変更があるため、実務では最新条文・判例も確認してください。,令和4年度宅地建物取引士資格試験 公式PDF（OCR抽出）,2022_p04.jpg,q_2022_04.jpg
R4-2022-005,2022,5,権利関係,FALSE,FALSE,期間の計算に関する次の記述のうち、民法の規定によれば、正しいもゃのはどれか。 なお、明記された日付は、日曜日、国民の祝日に関する法律に規定する休日その他の休日には 当たらないものとする。,令和4年10月17日午前10 時に、引渡日を契約締結日から 1 年後とする不動産の売買契 約を締結した場合、令和 5 年 10 月16 日が引渡日である。,令和4年8月31日午前 10 時に、弁済期限を契約締結日から1 か月後とする金銭消費貸借 契約を締結した場合、令和 4年 9 月 30 日の終了をもって郁済期限となる。,期間の末日が日曜日、国民の祝日に関する法律に規定する休日その他の体日に当たるとき は、その日に取引をしない慣習がある場合に限り、期間はその前日に満了する。,令和4年5月 30日午前 10 時に、代金の支払期限を契約締結日から 1 か月後とする動産の 売買契約を締結した場合、令和 4年7月1日の終耳をもって支払期限となる。,2,正解は 2 です。 権利関係は、民法・借地借家法などを中心に、契約の成立、効力、解除、対抗関係を判断する分野です。 この解説は学習用の要約です。法改正や判例変更があるため、実務では最新条文・判例も確認してください。,令和4年度宅地建物取引士資格試験 公式PDF（OCR抽出）,2022_p05.jpg,q_2022_05.jpg
R4-2022-006,2022,6,権利関係,FALSE,FALSE,Aを貸主、Bを借主として、A所有の甲土地につき、資材置場とする目的で期間 を 2 年として、 A B 間で、①任貸借契約を締結した場合と、②使用貸借契約を締粘した場合に 関する次の記述のうち、民法の規定によれば、正しいものはどれか。、,Aは、甲土地をBに引き渡す前であれば、①では口頭での契約の場合に限り自由に解除で きるのに対し、②では書面で契約を締結している場合も自由に解除できる。,Bは、①ではAの承諾がなければ甲土地を適法に転貸することはできないが、②ではAの 承諾がなくても甲土地を適法に転貸することができる。,Bは、①では期間内に解約する権利を留保しているときには期間内に解約の申入れをし解 約することができ、②では期間内に解除する権利を留保していなくてもいつでも解除するこ とができる。,甲土地について契約の本旨に反するBの使用によって生じた損害がある場合に、Aが損害 、 賠償を請求するときは、①では皿土地の返還を受けた時から5 年以内に請求しをなければなら ないのに対し、②④では甲土地の返還を受けた時から 1 年以内に請求しなければならない。 ーョ5ー,3,正解は 3 です。 土地では、地形・地盤・災害リスク・道路付けなどが重要です。実務では買主の利用目的や再建築可能性にも関係します。 この解説は学習用の要約です。法改正や判例変更があるため、実務では最新条文・判例も確認してください。,令和4年度宅地建物取引士資格試験 公式PDF（OCR抽出）,2022_p05.jpg,q_2022_06.jpg
R4-2022-007,2022,7,権利関係,FALSE,FALSE,不在者Aが、家庭裁判所から失陸宣告を受けた。Aを単独相続したBは相続財産 である甲土地をCに売却 (以下この問において「本件売買契約」という。) して登記も移転し たが、その後、生存していたAの請求によって当該失叶宣告が取り消された。本件売買契約当 時に、Aの生存について、(ア) Bが善意でCが普意、(イ) Bが悪意でCが普意、(ウ) Bが 敬意でCが悪意、(エ) Bが悪意でCが悪意、の4つの場合があり得るが、これらのうち、民 法の規定及び判例によれば、Cが本件売買契約に基づき取得した甲土地の所有権をAに対抗で きる場合を全て揚げたものとして正しいもゃのはどれか。,(⑦)、(?)、(②),(ア)、(?),⑦)、(⑫),(⑦),4,正解は 4 です。 相続では、相続人、相続分、遺産分割、代襲相続、相続放棄、遺言の効力などを整理します。相続開始前後で権利関係がどう変わるかがポイントです。 この解説は学習用の要約です。法改正や判例変更があるため、実務では最新条文・判例も確認してください。,令和4年度宅地建物取引士資格試験 公式PDF（OCR抽出）,2022_p06.jpg,q_2022_07.jpg
R4-2022-008,2022,8,権利関係,FALSE,FALSE,AがB所有の甲土地を建物所有目的でなく利用するための権原が、①地上権であ る場合と②賃借権である場合に関する次の記述のうち、民法の規定及び判例によれば、正しい ものはどれか。なお、AもBも対抗要件を備えているものとする。,①でも②でも、特約がなくても、BはAに対して、甲土地の使用及び収益に必要な修繕を する義務を負う。,CがBに無断でAから当該権原を譲り受け、甲土地を使用しているときは、①でも②でも、 BはCに対して、甲土地の明渡しを請求することができる。,①では、Aは当該権原を目的とする抵当権を設定することができるが、②⑧では、Aは当該 権原を目的とする抵当権を設定することはできない。,Dが甲土地を不法占拠してAの土地利用を妨害している場合、①では、Aは当該権原に基 づく妨害排除請求権を行使してDの妨害の排除を求めることができるが、②では、AはDの 妨害の排除を求めることはできない。 ーォー,3,正解は 3 です。 土地では、地形・地盤・災害リスク・道路付けなどが重要です。実務では買主の利用目的や再建築可能性にも関係します。 この解説は学習用の要約です。法改正や判例変更があるため、実務では最新条文・判例も確認してください。,令和4年度宅地建物取引士資格試験 公式PDF（OCR抽出）,2022_p06.jpg,q_2022_08.jpg
R4-2022-009,2022,9,権利関係,TRUE,FALSE,辞任に関する次の記述のうち、民法の規定によれば、正しいものはいくつあるか。 ア 委任によって代理権を授与された者は、報酬を受ける約束をしている場合であっても、い つでも委任契約を解除して代理権を消滅きせて、代理人を辞することができる。 イ 親権者は、やむを得ない事由があるときは、法務局に届出を行うことによって、親権を辞 することができる。 ウ 後見人は、正当な事由があるときは、後見監督人の許可を得て、その任務を辞することが できる。 エ 遺言執行者は、正当な事由があるときは、相続人の許可を得て、その任務を辞することが できる。,一つ,ニっ,三つ ・,四っ,1,正解は 1 です。 宅建業者が受け取れる報酬には上限があります。売買・交換・貸借で計算方法が異なり、依頼者双方から受け取る場合の合計額にも注意が必要です。 この解説は学習用の要約です。法改正や判例変更があるため、実務では最新条文・判例も確認してください。,令和4年度宅地建物取引士資格試験 公式PDF（OCR抽出）,2022_p07.jpg,q_2022_09.jpg
R4-2022-010,2022,10,権利関係,FALSE,FALSE,AはBに対し、自己所有の甲土地を売却し、代金と引換えにBに甲土地を引き渡 したが、その後にCに対しても甲土地を売却し、代金と引換えにCに甲土地の所有権登記を移 転した。この場合におけるBによる甲土地の所有権の時効取得に関する次の記述のうち、民法 の規定及び判例によれば、正しいもゃのはどれか。 - ・,Bが甲土地をDに賃貸し、引き渡したときは、Bは甲土地の占有を失うので、甲土地の所 有権を時効取得することはできない。,Bが、時効の完成前に甲土地の占有を下に奪われたとしても、に対して占有回収の訴え を提起して占有を回復した場合には、下に占有を奪われていた期間も時効期間に算入される。,Bが、甲土地の引渡しを受けた時点で所有の意思を有していたとしても、AC間の売買及 びCに対する登記の移転を知ったときは、その時点で所有の意思が認められなくなるので、 Bは甲土地を時効により取得することはできない。,Bが甲土地の所有権を時効取得した場合、Bは登記を備えなければ、その所有権を時効完 成時において所有者であったCに対抗することはできない。 ーー,2,正解は 2 です。 取得時効・消滅時効では、時効完成の時期、援用、登記との関係が重要です。時効完成前後に第三者が現れた場合の対抗関係を整理します。 この解説は学習用の要約です。法改正や判例変更があるため、実務では最新条文・判例も確認してください。,令和4年度宅地建物取引士資格試験 公式PDF（OCR抽出）,2022_p07.jpg,q_2022_10.jpg
R4-2022-011,2022,11,権利関係,FALSE,FALSE,建物の所有を目的とする土地の賃貸借契約 (定期借地権肥び一時使用目的の借地 権となる契約を除く。) に関する次の記述のうち、借地借家法の規定及び判例によれば、正し いものはどれか。,借地権の存続期間が満了する前に物の滅失があった場合において、借地権者が借地権の 残存期間を超えて存続すべき建物を築造したときは、その建物を築造することにつき借地権 設定者の承諾がない場合でも、僅地権の期間の下長の効果が生ずる。,転借地権が設定されている場合において、転借地上の建物が滅失したときは、転借地権は 消滅し、転借地権者 (転僅人) は建物を再築することができない。,借地上の建物が減失し、億地権設定者の承話を得て借地権者が新たに建物を築造するに当 たり、億地権設定者が存続期間満了の際における借地の返届確保の目的で、残存期間を超え て存続する建物を穫造しない旨の特約を借地権者と結んだとしても、この特約は無効である。,借地上の建物所有者が借地権設定者に建物買取請求権を適法に行使した場合、買取代金の 支払があるまでは建物の引渡しを指み得るとともに、これに基づく敷地の占有についても、 賃料相当額を支払う必要はない。,3,正解は 3 です。 借地借家法では、普通借地・定期借地・普通建物賃貸借・定期建物賃貸借の違いが重要です。存続期間、更新、終了、書面要件を整理します。 この解説は学習用の要約です。法改正や判例変更があるため、実務では最新条文・判例も確認してください。,令和4年度宅地建物取引士資格試験 公式PDF（OCR抽出）,2022_p08.jpg,q_2022_11.jpg
R4-2022-012,2022,12,権利関係,FALSE,FALSE,Aは、B所有の甲建物 (床面積 100m? につき、肩住を目的として、期間2 年 賃料月額 10 万円と定めた賃貸借契約 (以下この問において「本件契約] という。) をBと締 してその日に引渡しを受けた。この場合における次の記述のうち、民法及び借地億家法の規定 並びに判例によれば、誤っているものはどれか。,BはAに対して、本件契約締結前に、契約の更新がなく、期間の満了により賃貸借が終了 する則を記載した賃貸僅契約書を交付して説明すれば、本件契約を借地借家法第 38 条に規 定する定期建物賃貸億契約として締結することができる。,本件契約が借地借家法第 38 条に規定する定期建物人貸借契約であるか否かにかかわらず、 Aは、甲建物の引渡しを受けてから 1 年後に甲建物をBから購入したCに対して、賃借人で あることを主張できる。,本件契約が借地億家法第 38 条に規定する定期建物賃貸借契約である場合、Aの中途解約 を禁止する特約があっても、やむを得ない事情によって甲建物を自己の生活の本換として使 用することが困難になったときは、Aは本件契約の解約の申入れをすることができる。,AがBに対して敷金を差し入れている場合、本件契約が期間満了で終了するに当たり、B は甲建物の返本を受けるまでは、Aに対して敷金を返還する必要はない。 ーs 一,1,正解は 1 です。 借地借家法では、普通借地・定期借地・普通建物賃貸借・定期建物賃貸借の違いが重要です。存続期間、更新、終了、書面要件を整理します。 この解説は学習用の要約です。法改正や判例変更があるため、実務では最新条文・判例も確認してください。,令和4年度宅地建物取引士資格試験 公式PDF（OCR抽出）,2022_p08.jpg,q_2022_12.jpg
R4-2022-013,2022,13,権利関係,FALSE,FALSE,建物の区分所有等に関する法律 (以下この間において「法」 という。) に関する 次の記述のうち、詩っているものはどれか。,管理者は、規約により、その職務に関し、区分所有者のために、原告又は被告となったと きは、その冒を各区分所有者に通知しなくてよい。,管理者がないときは、区分所有者の 5 分の1 以上で議決権の 5 分の 1 以上を有するものは、 集会を担集することができる。ただし、この定数は、規約で減ずることができる。,集会において、管理者の選任を行う場合、規約に別段の定めがない限り、区分所有者及び 議決権の各過半数で決する。 -,管理組合 (法第3条に規定する区分所有者の団体をいう。) は、区分所有者及び議決権の 各4分の3 以上の多数による集会の決議で法人となる旨並びにその名称及び事務所を定め、 かつ、その主たる事務所の所在地において登記をすることによって法人となる。,1,正解は 1 です。 建物では、構造、耐震性、劣化、維持管理、設備状況などが重要です。中古住宅では契約不適合やインスペクションにもつながります。 この解説は学習用の要約です。法改正や判例変更があるため、実務では最新条文・判例も確認してください。,令和4年度宅地建物取引士資格試験 公式PDF（OCR抽出）,2022_p09.jpg,q_2022_13.jpg
R4-2022-014,2022,14,権利関係,FALSE,FALSE,不動産の登記に関する次の記述のうち、誤っているものはどれか。,所有権の移転の登記の申請をする場合には、申請人は、法令に別段の定めがある場合を除 き、その申請情報と併せて登記原因を証する情報を提供しなければならない。,所有権の移転の登記の申請をする場合において、当該申請を登記の申請の代理を業とする ことができる代理人によってするときは、登記識別情報を提供することができないことにつ き正当な理由があるとみなされるため、登記義務者の登記識別情報を提供することを要しな い。,所有権の移転の登記の申請をする場合において、登記権利者が登記識別情報の通知を希望 しない則の申出をしたときは、当該登記に係る登記識別情報は通知されない。,所有権の移転の登記の申請をする場合において、その登記が完了した際に交付される登記 完耳証を送付の方法により交付することを求めるときは、その守及び送付先の住所を申請情 報の内容としなければならない。 -,2,正解は 2 です。 権利関係は、民法・借地借家法などを中心に、契約の成立、効力、解除、対抗関係を判断する分野です。 この解説は学習用の要約です。法改正や判例変更があるため、実務では最新条文・判例も確認してください。,令和4年度宅地建物取引士資格試験 公式PDF（OCR抽出）,2022_p09.jpg,q_2022_14.jpg
R4-2022-015,2022,15,法令上の制限,FALSE,FALSE,都市計画法に関する次の記述のうち、誤っているものはどれか。,市街化区域については、都市計画に、少なくとも用途地域を定めるものとされている。,準都市計画区域については、都市計画に、特別用途地区を定めることができる。,高度地区については、都市計画に、建築物の容積率の最高限度又は最低限度を定めるもの とされている。,工業地域は、主として工業の利便を増進するため定める地域とされている。 ーァー,3,正解は 3 です。 都市計画法では、市街化区域・市街化調整区域、用途地域、開発許可の要否が重要です。区域区分と開発行為の制限をセットで確認します。 この解説は学習用の要約です。法改正や判例変更があるため、実務では最新条文・判例も確認してください。,令和4年度宅地建物取引士資格試験 公式PDF（OCR抽出）,2022_p10.jpg,q_2022_15.jpg
R4-2022-016,2022,16,法令上の制限,FALSE,FALSE,都市計画法に関する次の記述のうち、正しいものはどれか。ただし、この問にお いて条例による特別の定めはないものとし、「都道府県知事」 とは、地方自治法に基づく指定 都市、中核市及び施行時特例市にあってはその長をいうものとする。 。,市街化区城内において、市衡地再開発事業の施行として行う 1 ha の開発行為を行おうと する者は、あらかじめ、都道府県知事の許可を受けなければならない。 -,区域区分が定められていない都市計画区域内において、博物館法に規定する博物館の建築 を目的とした8.000 m* の開発行為を行おうとする者は、都道府県知事の許可を受けなくでて よい。,自己の業務の用に供する施設の建築の用に供する目的で行う開発行為にあっては、開発区 域内に土砂災害警戒区域等における土砂災害防止対策の推進に関する法律に規定する土秒災 害警戒区域内の土地を含んではならない。,市街化調整区域内における開発行為について、当該開発行為が開発区域の周辺における市 街化を促進するおそれがあるかどうかにかかわらず、都首府県知事は、開発審査会の議を経 て開発許可をすることができる。,2,正解は 2 です。 都市計画法では、市街化区域・市街化調整区域、用途地域、開発許可の要否が重要です。区域区分と開発行為の制限をセットで確認します。 この解説は学習用の要約です。法改正や判例変更があるため、実務では最新条文・判例も確認してください。,令和4年度宅地建物取引士資格試験 公式PDF（OCR抽出）,2022_p10.jpg,q_2022_16.jpg
R4-2022-017,2022,17,法令上の制限,FALSE,FALSE,建築基準法 (以下この問において「法」という。) に関する次の記述のうち、正 しいものはどれか。,法の改正により、現に存する建築物が改正後の法の規定に適合しなくなった場合には、当 該建築物は倍反建築物となり、速やかに改正後の法の規定に適合きせなければならない。,延べ面積が500m?を超える建築物について、大規模な修誠をしようとする場合、都市計 画区域外であれば和築確認を受ける必要はない。,地方公共団体は、条例で、女築物の敷地、構造又は娘穫設備に関して安全上、防火上又は 衛生上必要な制限を附加することができる。,地方公共団体が、条例で、津波、高潮、出水等による危険の著しい区域を秋害危険区域と して指定した場合には、災害危論区域内における住居の用に供する建築物の建築は一律に禁 止されることとなる。 ーョー,3,正解は 3 です。 建築基準法では、接道義務、建ぺい率、容積率、用途制限、防火・準防火地域などが頻出です。特に道路幅員による容積率制限に注意します。 この解説は学習用の要約です。法改正や判例変更があるため、実務では最新条文・判例も確認してください。,令和4年度宅地建物取引士資格試験 公式PDF（OCR抽出）,2022_p11.jpg,q_2022_17.jpg
R4-2022-018,2022,18,法令上の制限,FALSE,FALSE,次の記述のうち、建築基準法 (以下この問において「法] という。) の規定によ れば、正しいものはどれか。,第一種低層住居専用地域内においては、神社、寺院、教会を建築することはできない。,その敷地内に一定の空地を有し、かつ、その敷地面積が一定規模以上である建築物で、特 定行政庁が交通上、安全上、防火上及び衛生上支隊がなく、かつ、その建蔽率、容積率及び 各部分の高さについて総合的な配慮がなされていることにより市街地の環境の整備改善に資 すると認めて許可したものの建蔽率、容積率又は各部分の高さは、その話可の範囲内におい て、関係規定による限度を超えるものとすることができる。,法第3章の規定が適用きれるに至った際、 現に建築物が立ち並んでいる幅員 1.8m未満 の道で、あらかじめ、建築審査会の同意を得て特定行政庁が指定したものは、同章の規定に おける道路とみなされる。,第一種住居地域内においては、・ 建築物の高きは、10 m 又は 12 m のうち当該地域に関する 都市計画において定められた建築物の高さの限度を超えてはならない。,3,正解は 3 です。 建築基準法では、接道義務、建ぺい率、容積率、用途制限、防火・準防火地域などが頻出です。特に道路幅員による容積率制限に注意します。 この解説は学習用の要約です。法改正や判例変更があるため、実務では最新条文・判例も確認してください。,令和4年度宅地建物取引士資格試験 公式PDF（OCR抽出）,2022_p11.jpg,q_2022_18.jpg
R4-2022-019,2022,19,法令上の制限,FALSE,FALSE,宅地造成等規制法に関する次の記述のうち、誤っているものはどれか。なお、こ の間において「都道府県知事」 とは、地方自治法に基づく指定都市、中核市及び施行時特例市 にあってはその長をいうものとする。,宅地造成工事規制区域内において、雨水その他の地表水又は地下水を排除するための排水 施設の除却工事を行おうとする場合は、一定の場合を除き、都道府県知事への届出が必要と なる。,宅地造成工事規制区域内において、森林を宅地にするために行う切土であって、高き3m の崖を生ずることとなるものに関する工事については、造成主は、都市計画法第 29 条第1 項叉は第 2 項の許可を受けて行われる当該許可の内容に適合した工事を除き、工事に着手す る前に、都道府県知事の許可を受けなければならない。 -,宅地造成工事規制区域内で過去に宅地造成に関する工事が行われ、現在は造成主とは異な る者がその工事が行われた宅地を所有している場合において、当該宅地の所有者は宅地造成 に伴う災害が生じしないよう、その宅地を常時安全な状態に維持するよう努めなければならな いs,宅地造成工事規制区域外に盛土によって造成された一団の造成宅地の区域において、人造成 された盛土の高さが5m 未満の場合は、都道府県知事は、当訪区域を造成宅地防災区域と して指定することができない。 ー 9一,4,正解は 4 です。 宅地造成・盛土規制では、災害防止の観点から、一定の工事に許可や届出が必要となる場合があります。区域指定と工事内容を確認します。 この解説は学習用の要約です。法改正や判例変更があるため、実務では最新条文・判例も確認してください。,令和4年度宅地建物取引士資格試験 公式PDF（OCR抽出）,2022_p12.jpg,q_2022_19.jpg
R4-2022-020,2022,20,法令上の制限,FALSE,FALSE,次の記述のうち、土地区面整理法の規定及び判例によれば、誤っているものはど れか。,土地区画整理組合の設立の認可の公告があった日以後、的地処分の公告がある日までは、 施行地区内において、土地区画整理事業の施行の障害となるおそれがある建築物の新築を行 おうとする者は、土地区画整理組合の許可を受けなければならない。,土地区画整理組合は、定立に別段の定めがある場合においては、挨地計画に係る区域の全 部について工事が完了する以前においても換地処分をすることができる。,仮換地を指定したことにより、使用し、又は収益することができる者のなくなった従前の 宅地については、当該宅地を使用し、又は収益することができる者のなくなった時から換地 処分の公告がある日までは、施行者が当該宅地を管理する。,清算金の徴収駐は交付に関する権利義務は、換地処分の公告によって換地についての所有 権が確定することと併せて、施行者と換地処分時点の換地所有者との間に確定前に発生する ものであり、換地処分後に行われた当該換地の所有有権の移転に伴い当然に移転する性質を有 するものではない。,1,正解は 1 です。 土地では、地形・地盤・災害リスク・道路付けなどが重要です。実務では買主の利用目的や再建築可能性にも関係します。 この解説は学習用の要約です。法改正や判例変更があるため、実務では最新条文・判例も確認してください。,令和4年度宅地建物取引士資格試験 公式PDF（OCR抽出）,2022_p12.jpg,q_2022_20.jpg
R4-2022-021,2022,21,法令上の制限,FALSE,FALSE,農地に関する次の記述のうち、農地法 (以下この問において「法] という。) の 規定によれば、正しいもゃのはどれか。,農地の賃貸人及び使用貸僅は、その登記がなくても農地の引渡しがあったときは、これを もってその後にその農地について所有権を取得した第三者に対抗することができる。,法第2条第3項の農地所有適格法人の要件を満たしていない株式会社は、耕作目的で農地 を借り入れることはできない。,法第4条第1項、第5 条第1 項の何反について原状回復等の措置に係る命令の対象となる 者 (違反転用者等) には、当該規定に僅反した者又はその一般承継人は含まれるが、当該癌 反に係る土地について工事を請け負った者は含まれない。,法の適用については、土地の面積は、登記稚の地積によることとしているが、登記等の地 積が著しく事実と相違する場合及び登記短の地積がない場合には、実測に基づき農業委員会 が講定したところによる。 ー10一,4,正解は 4 です。 農地法では、農地の権利移動、転用、転用目的の権利移動について、3条・4条・5条の違いを押さえます。市街化区域内の届出との違いも重要です。 この解説は学習用の要約です。法改正や判例変更があるため、実務では最新条文・判例も確認してください。,令和4年度宅地建物取引士資格試験 公式PDF（OCR抽出）,2022_p13.jpg,q_2022_21.jpg
R4-2022-022,2022,22,法令上の制限,FALSE,FALSE,国土利用計画法第 23 条の届出 (以下この問において「事後届出]」 という。) に関 する次の記述のうち、正しいゃのはどれか。なお、この問において 「都道府県知事]」 とは、地 方自治法に基づく指定都市にあってはその長をいうものとする。,"都市計画区域外において、Aム市が所有する面積 15,000 m? の土地を宅地填物取引業者Bが 諸入した場合、Bは事後届出を行わなければならない。",事後届出において、土地売買等の契約に係る土地の土地に関する権利の移転又は設定の対 価の額については届出事項ではない。,市街化区域を除く都市計画区域内において、一団の土地である甲土地 (C所有、面積 3.500 m?) とと土地 (D所有、面積 2.500 m?) を宅地建物取引業者が購入した場合、せは事後 届出を行わなければならない。 -,都道府県知事は、土地利用審査会の意見を聴いて、事後届出をした者に対し、当該事後届 出に係る土地の利用目的について必要な変更をすべきことを勧告することができ、勧告を受 けた者がその勧告に従わない場合、その勧告に反する土地売買等の契約を取り消すことがで きる。,3,正解は 3 です。 国土利用計画法では、一定面積以上の土地取引について事後届出が必要となる場合があります。届出義務者、届出期限、対象面積を確認します。 この解説は学習用の要約です。法改正や判例変更があるため、実務では最新条文・判例も確認してください。,令和4年度宅地建物取引士資格試験 公式PDF（OCR抽出）,2022_p13.jpg,q_2022_22.jpg
R4-2022-023,2022,23,税・その他,FALSE,FALSE,印紙税に関する次の記述のうち、正しいゃのはどれか。なお、以下の覚書又は契 約草はいずれも書面により作成されたものとする。,"土地を8,000万円で議渡することを証した覚書を売主Aと買主Bが作成した場合、本契約 書を後日作成することを文書上で明らかにしていれば、当該党書には印紙税が課されない。","一の契約書に甲土地の譲渡契約 (譲渡金額 6,000 万円) と、と和建物の譲渡契約 (譲渡金額 3,000 万円) をそれぞれ区分して記載した場合、印紙税の課税標準なる当該契約書の記載 金額は、6,000 万円である。",当初作成した土地の賃貸借契約書において「契約期間は 5 年とする」 旨の記載がされてい た契約期間を変更するために、「契約期間は 10 年とする」 旨を記載した覚書を貸主Cと借主 Dが作成した場合、当該覚書には印紙税が課される。,駐車場経営者と車両所有者ドFが、Fの所有する車両を駐車場としての設備のある土地の 特定の区画に及車させる旨の賃貸借契約書を作成した場合、土地の賃借権の設定に関する契 約書として印紙税が課される。 ニーュー,3,正解は 3 です。 登録免許税は登記に関する税、印紙税は契約書などの課税文書に関する税です。課税対象と納税のタイミングを区別します。 この解説は学習用の要約です。法改正や判例変更があるため、実務では最新条文・判例も確認してください。,令和4年度宅地建物取引士資格試験 公式PDF（OCR抽出）,2022_p14.jpg,q_2022_23.jpg
R4-2022-024,2022,24,税・その他,FALSE,FALSE,固定資産税に関する次の記述のうち、正しいものはどれか。,固定資産税の徴収については、特別徴収の方法によらなければならない。,土地価格等縦覧萌筆及び家屋価格等訂覧帳等の縦覧期間は、毎年4月1日から、4月20 日又は当該年度の最初の納期限の日のいずれか遅い日以後の日までの間である。,固定資産税の駄課期日は、市町村の条例で定めることときれている。,固定資産税は、固定資産の所有者に課するのが原則であるが、周定資産が賃供きれている 場合は、当訪固定資産の賃借権者に対して課される。,2,正解は 2 です。 固定資産税は、原則として毎年1月1日時点の固定資産の所有者に課される地方税です。課税標準や住宅用地特例も重要です。 この解説は学習用の要約です。法改正や判例変更があるため、実務では最新条文・判例も確認してください。,令和4年度宅地建物取引士資格試験 公式PDF（OCR抽出）,2022_p14.jpg,q_2022_24.jpg
R4-2022-025,2022,25,税・その他,FALSE,FALSE,地価公示法に関する次の記述のうち、誤っているものはどれか。,土地鑑定委員会は、標準地の正常な価格を判定したときは、標準地の単位面積当たりの価 和格のほか、当該標準地の地積及び形状についても官報で公示しなければならない。,正常な価格とは、土地について、自由な取引が行われるとした場合におけるその取引 (一 定の場合を除く。) において通常成立すると認められる価格をいい、当該土地に建物がある 場合には、当訪建物が存するものとして通常成立すると認められる価格をいう。,公示区域内の土地について和鑑定評価を行う場合において、当該土地の正常な価格を求める ときは、公示価格を規準とする必要があり、その際には、当該土地とこれに類似する利用価 値を有すると認められる 1 又は 2 以上の標準地との位置、地積、環境等の土地の客観的価値 に作用する諸要因についての比較を行い、その結果に基づき、当該標準地の公示価格と当該 土地の価格との間に均衡を保たせる必要がある。,公示区域とは、都市計画法第 4 条第 2 項に規定する都市計画区域その他の土地取引が相当 程度見込まれるものとして国土交通省令で定める区域のうち、国土利用計画法第 12 条第1 ] 項の規定により指定された規制区域を除いた区域をいう。 ーー一,2,正解は 2 です。 不動産鑑定評価や地価公示では、価格形成要因、鑑定評価手法、公示価格の位置づけが問われます。 この解説は学習用の要約です。法改正や判例変更があるため、実務では最新条文・判例も確認してください。,令和4年度宅地建物取引士資格試験 公式PDF（OCR抽出）,2022_p15.jpg,q_2022_25.jpg
R4-2022-026,2022,26,宅建業法,FALSE,FALSE,宅地物取引業法第3 条第1 項に規定する事務所 (以下この問において「事務 所」 という。) に関する次の記述のうち、正しいゃのはどれか。,事務所とは、契約締結権限を有する者を置き、継続的に業務を行うことができる施設を有 する場所を指すものであるが、商業登記符に登氏されていない営業所又は支店は事務所には 該当しない。,宅地政物取引業を営まず他の兼業業務のみを営んでいる支店は、事務所には該当しない。,宅地建物取引業者は、主たる事務所については、免許証、標識及び国土交通大臣が定めた 報酬の額を掲げ、従業者名午及び帳待を備え付ける義務を負う。,宅地填物取引業者は、その事務所ごとに一定の数の成年者である専任の宅地針物取引土を 置かなければならないが、既存の事務所がこれを満たさなくなった場合は、30 日以内に必 要な措置を封らなければならない。,2,正解は 2 です。 宅建業法は、消費者保護と取引の公正を目的とする分野です。誰が、いつ、何を書面で説明・交付するかを中心に整理します。 この解説は学習用の要約です。法改正や判例変更があるため、実務では最新条文・判例も確認してください。,令和4年度宅地建物取引士資格試験 公式PDF（OCR抽出）,2022_p15.jpg,q_2022_26.jpg
R4-2022-027,2022,27,宅建業法,FALSE,FALSE,宅地填物取引業者A (消費税課税事業者) が受け取ることができる報酬について の次の記述のうち、和宅地建物取引業法の規定によれば、正しいものはどれか。,Aが、Bから売買の媒介を依頼さきれ、Bからの特別の依頼に基づき、遠隔地への現地調査 を実施した。その際、当設調査に要する特別の費用について、Bが負担することを事前に承 語していたので、Aは媒介報酬とは別に、当該調査に要した特別の費用相当額を受領するこ とができる。,Aが、居住用建物について、貸主Bから貸借の媒介を依頼され、この媒介が使用貸借に係 るものである場合は、当訪針物の通常の借任をも とに報酬の限度額が定まるが、その算定に 当たっては、不動産鑑定業者の鑑定評価を求めなければならない。,Aが居住用建物の貸主B及び借主Cの双方か媒介の依頼を受けるに当たって、 依頼者の 一方から受けることのできる報酬の額は、借賃の 1 か月分の 0.55 倍に相当する金額以内で ある。ただし、媒介の依頼を受けるに当たって、依頼者から承諾を得ている場合はこの限り ではなく、双方から受けることのできる報酬の合計額は借賃の 1 か月分の 1.1 倍に相当する 金額を超えてもよい。,Aは、土地付建物について、売主Bから媒介を依頼きれ、代金300 万円 (消費税等相当額 を含み、土地代金は 80 万円である。) で契約を成立きせた。現地調査等の費用については、 通常の売買の媒介に比べ5万円 (消費税等相当額を含まない。) 多く要する旨、Bに対して 説明し、合意の上、 媒介契約を締灯した。この場合、AがBから受領できる報酬の限度額は 20 万200 円である。 - - ー18一,1,正解は 1 です。 宅建業者が受け取れる報酬には上限があります。売買・交換・貸借で計算方法が異なり、依頼者双方から受け取る場合の合計額にも注意が必要です。 この解説は学習用の要約です。法改正や判例変更があるため、実務では最新条文・判例も確認してください。,令和4年度宅地建物取引士資格試験 公式PDF（OCR抽出）,2022_p16.jpg,q_2022_27.jpg
R4-2022-028,2022,28,宅建業法,FALSE,FALSE,宅地填物取引業者が行う宅地建物取引業法第 35 条に規定する重要事項の説明に 関する次の記述のうち、正しいゃのはどれか。,宅地建物取引業者が、宅地建物取引楽者ではない個人から媒介業者の仲介なしに土地付建 物を購入する場合、買主である宅地建物取引菜者は重要事項説明書を作成しなくても宅地修 物取引業法違反とはならない。,宅地填物取引業者が、重要事項説明書を作成する際、調査不足のため、宣要事項説明書に 記載された内容が事実と異なるものとなったが、意図的に事実と異なる内容を記載したもの ではないため、宅地建物取引業法進反とはならない。,宅地填物取引業者は、土地売買の媒介を行う場合、 宅地久科取 |業者ではな売主に対し て契約が成立する前までの間に、宅地夏物取引士をして重要事項説明書を交付して説明をさ せなければならない。,宅地又は建物の取引は権利関係や法令上の制限など取引条件に関する事項が複雑で多岐に わたるため、重要事項説明書は、宅地駐は建物の取引の専門的知識を有する宅地建物取引十 が作成しなければならない。,1,正解は 1 です。 宅建業法35条の重要事項説明では、契約前に買主・借主が判断するために重要な事項を説明します。説明できるのは宅地建物取引士で、取引士証の提示や重要事項説明書への記名などがポイントです。 この解説は学習用の要約です。法改正や判例変更があるため、実務では最新条文・判例も確認してください。,令和4年度宅地建物取引士資格試験 公式PDF（OCR抽出）,2022_p16.jpg,q_2022_28.jpg
R4-2022-029,2022,29,宅建業法,FALSE,FALSE,宅地建物取引土に関する次の記述のうち、宅地徒物取引業法の規定によれば、 誤っているものはどれか。 *,宅地填物取引士は、禁銅以上の刑に処せられた場合、刑に処せられた日から30 日以内に、 その財を宅地建物取引土の登録を受けた都道府県知事に届け出なければならない。,宅地填物取引士は、業務に関して事務禁止の処分を受けた場合、速やかに、和宅地建物取引 土証をその交付を受けた都道府県知事に提出しなければならず、これを怠った場合には前則 の適用を受けることがある。,宅地填物取引士は、有効期間の満丁日が到来する宅地建物取引士証を更新する場合、国土 交通大臣が指定する講習を受講しなければならず、また、当該宅地填物取引圭証の有効期間 は5 年である。,宅地填物取引士は、宅地道物取引士の信用を害するような行為をしてはならず、信用を害 するような行為には、宅地建物取引士の職務に必ずしゃ直接関係しない行為や私的な行為も 含まれる。 ー14一,3,正解は 3 です。 建物では、構造、耐震性、劣化、維持管理、設備状況などが重要です。中古住宅では契約不適合やインスペクションにもつながります。 この解説は学習用の要約です。法改正や判例変更があるため、実務では最新条文・判例も確認してください。,令和4年度宅地建物取引士資格試験 公式PDF（OCR抽出）,2022_p17.jpg,q_2022_29.jpg
R4-2022-030,2022,30,宅建業法,TRUE,FALSE,次の記述のうち、和宅地填物取引業法 (以下この問において「法」 という。) 及び 犯罪による収益の移転防止に関する法律の規定によれば、正しいものはいくつあるか。 ア 法第35 条第2 項の規定による割皮販売とは、代金の全部又は一部について、目的物の引 渡し後6 か月以上の期間にわたり、かつ、 2 回以上に分割して受領することを条件として販 売することをいう。 イ 犯罪による収益の移転防止に関する法律において、宅地建惣取引業のうち、宅地若しくは 建物の売買契約の締結又はその代理若しくは媒介が特定取引として規定されている。 ウ 宅地建物取引業者は、その従業者に対し、その業務を適正に実施きせるため、必要な教育 を行うよう努めなければならないと法に定められている。 エ 宅地建物取引業者の使用人その他の従業者は、正当な理由がある場合でなければ、- 宅地建 物取引業の業務を補助したことについて知り得た秘容を他に漏らしてはならないと法に定め られている。 ・,っ,ニっ,三つ,なし,3,正解は 3 です。 媒介契約では、契約類型ごとの書面交付、指定流通機構への登録、業務処理状況の報告義務などが問われます。専任・専属専任・一般媒介の違いを整理することが重要です。 この解説は学習用の要約です。法改正や判例変更があるため、実務では最新条文・判例も確認してください。,令和4年度宅地建物取引士資格試験 公式PDF（OCR抽出）,2022_p17.jpg,q_2022_30.jpg
R4-2022-031,2022,31,宅建業法,FALSE,FALSE,宅地填物取引業者Aが、BからB所有の土地付建物の売却について媒介の依頼を 受けた場合における次の記述のうち、和宅地填物取引業法 (以下この問において「法」 という。) の規定によれば、正しいもゃのはどれか。,Aが、Bと一般媒介契約を締語した場合、AがBに対し当該土地付建物の価額について意 見を述べるために行った価額の査定に要した費用をBに請求することはできない。,Aは、Bとの間で締結した媒介契約が一般媒介契約である場合には、専任媒介契約の場合 とは異なり、法第34 条の2第1 項の規定に基づく書面に、売買すべき価額を記載する必要 はない。,Aが、Bとの間で締結した専任媒介契約については、Bからの申出により更新することが でき、その後の有効期間については、更新の時から 3 か月を超える内容に定めることができる。,Aが、当該土地付建物の購入の媒介をCから依頼きれ、Cとの間で一般媒介契約を締結し た場合、Aは、買主であるCに対しては、必ずしも法第 34 条の2第1 項の規定に差づく書 面を交付しなくともよい。 ーj5一,1,正解は 1 です。 媒介契約では、契約類型ごとの書面交付、指定流通機構への登録、業務処理状況の報告義務などが問われます。専任・専属専任・一般媒介の違いを整理することが重要です。 この解説は学習用の要約です。法改正や判例変更があるため、実務では最新条文・判例も確認してください。,令和4年度宅地建物取引士資格試験 公式PDF（OCR抽出）,2022_p18.jpg,q_2022_31.jpg
R4-2022-032,2022,32,宅建業法,FALSE,FALSE,宅地和物取引業法第37 条の規定により交付すべき書面 (以下この問において 「37 条書面」 という。) に関する次の記述のうち、話っているものはどれか。,宅地填物取引業者である売主人は、宅地建物取引業者である B の媒介により、和宅地建物取 引業者ではないCと宅地の売買契約を令和4年4月1 日に締結した。AとBが共同で作成し た 37 条書面にBの宅地閉物取引士の記名押印がなされていれば、Aは 37 条書面にAの宅地 建物取引土をして記名押印をさせる必要はない。,宅地建物取引士は、37 条書面を交付する際、買主から請求があったときは、宅地填物取 引土証を提示しなければならない。 -,宅地建物取引業者である売主Dと宅地針物取引業者ではないせE との建物の売買契約におい て、 手付金の保全措罰を講ずる場合、Dはその保全措置の概要を、重要事項説明書に記載し 説明する必要があるが、37 条書面には記載する必要はない。,宅地填物取引業者である売主と宅地建物取引楽者ではない個人との建物の売買において、 建物の品質に関して契約の内容に適合しない場合におけるその不適合を担保すべき資任につ いて特約を定めたときは、37 条書面にその内容を記載しなければならない。,1,正解は 1 です。 宅建業法は、消費者保護と取引の公正を目的とする分野です。誰が、いつ、何を書面で説明・交付するかを中心に整理します。 この解説は学習用の要約です。法改正や判例変更があるため、実務では最新条文・判例も確認してください。,令和4年度宅地建物取引士資格試験 公式PDF（OCR抽出）,2022_p18.jpg,q_2022_32.jpg
R4-2022-033,2022,33,宅建業法,TRUE,FALSE,宅地填物取引土に関する次の記述のうち、和宅地寺物取引業法の規定によれば、正 しいものはいくつあるか。 ア 宅地建物取引士資格試験は未成年者でも受験することができるが、宅地建物取引士の登録 は成年に達するまでいかなる場合にも受けることができない。 イ 甲県知事登録の宅地建物取引士が、宅地建物取引業者 (県知事免許) の専任の宅地寺物 取引土に就任するためには、宅地建物取引士の登録を乙県に移転しなければならない。 ウ 内県知事登録の宅地建物取引士が、事務の禁止の処分を受けた場合、丁県に所在する宅地 建物取引業者の事務所の業務に従事しようとするときでも、その禁止の期間が満了するまで、 宅地建物取引士の登録の移転を丁県知事に申請することができない。 エエ 成県知事登録の宅地建物取引士が、己県へ登録の移転の申請とともに宅地建物取引士証の 交付を申請した場合、己県知事が宅地填物取引士証を交付するときは、成県で交付された宅 地填物取引士証の有効期間が経過するまでの期間を有効期間とする宅地建物取引士証を交付 しなければならない。,一っ,ニっ,三つ,四っ - ーj6一,2,正解は 2 です。 宅地建物取引業を営むには原則として免許が必要です。免許権者、免許換え、欠格事由、廃業等の届出などが出題されやすい論点です。 この解説は学習用の要約です。法改正や判例変更があるため、実務では最新条文・判例も確認してください。,令和4年度宅地建物取引士資格試験 公式PDF（OCR抽出）,2022_p19.jpg,q_2022_33.jpg
R4-2022-034,2022,34,宅建業法,FALSE,FALSE,宅地填物取引業者が建物の売買の媒介の際に行う宅地針物取引業法第35 条に規 定する重要事項の説明に関する次の記述のうち、誤っているものはどれか。なお、説明の相手 方は宅地填物取引業者ではないものとする。,当該物が既存の建物であるときは、和宅地建物取引業法第 34 条の2第1項第4号に規定 する建物状況調査を過去 1 年以内に実施しているかどうか、及びこれを実施している場合に おけるその粘果の概要を説明しなければならない。,当訪建物が宅地造成等規制法の規定により指定された造成宅地防災区域内にあるときは、 その財を説明しなければならない。,当該建物について、石絢の使用の有無の調査の結果が記録されているときは、その内容を 説明しなければならない。 ・,当訪建物 (昭和56年5月31 日以前に新築の工事に着手したもの) が指定確認検査機関、 建築士、登録住宅性能評価機関又は地方公共団体による酔震診断を受けたものであるときは、 その定を説明しなければならない。,4,正解は 4 です。 宅建業法35条の重要事項説明では、契約前に買主・借主が判断するために重要な事項を説明します。説明できるのは宅地建物取引士で、取引士証の提示や重要事項説明書への記名などがポイントです。 この解説は学習用の要約です。法改正や判例変更があるため、実務では最新条文・判例も確認してください。,令和4年度宅地建物取引士資格試験 公式PDF（OCR抽出）,2022_p19.jpg,q_2022_34.jpg
R4-2022-035,2022,35,宅建業法,FALSE,FALSE,次の記述のうち、和宅地填物取引業法 (以下この問において「法] という。) の規 定によれば、正しいもゃのはどれか。,宅地填物取引業者の従業者である宅地填物取引士は、取引の関係者から事務所で従業者証 明書の提示を求められたときは、この証明書に代えて従業者名答又は宅地各物取引土証を提 示することで足りる。,宅地建物取引業者Aが所有する甲建物を法人Bに売却するに当たり、Bが宅地建物取引業 者であるか否かにかかわらず、AはBに対し、宅地填物取引士をして、法第 35 条の規定に 基づく書面を交付し説明をさせなければならない。,法人Cが所有すると建物の個人Dへの賃貸を宅地填物取引業者が媒介し、当訪賃貸借契 約が成立したときは、EはDに対し、宅地填物取引土をして、法第 35 条の規定に基づく書 面を交付し説明をきせなければならない。,宅地填物取引業者玉が所有する内宅地を法人Gに売却する契約を締結したとき、Gが宅地 建物取引業者であるか否かにかかわらず、F はGに対し、法第 37 条の規定に基づく書面を 交付しなければならない。 ー7ー,4,正解は 4 です。 宅建業法は、消費者保護と取引の公正を目的とする分野です。誰が、いつ、何を書面で説明・交付するかを中心に整理します。 この解説は学習用の要約です。法改正や判例変更があるため、実務では最新条文・判例も確認してください。,令和4年度宅地建物取引士資格試験 公式PDF（OCR抽出）,2022_p20.jpg,q_2022_35.jpg
R4-2022-036,2022,36,宅建業法,FALSE,FALSE,宅地道物取引業者が行う宅地建物取引業法第 35 条に規定する重要事項の説明に 関する次の記述のうち、正しいゃのはどれか。なお、説明の相手方は宅地填物取引業者ではな いものとする。,建物の売買の媒介を行う場合、当該建物が既存の住宅であるときは当該建物の検査済証 (宅地填物取引業法施行規則第 16 条の 2 の3第2 号に定めるもの) の保存の状況について説 明しなければならず、当該検査済証が存在しない場合はその旨を説明しなければならない。,宅地の売買の媒介を行う場合、売買代金の額並びにその支払の時期及び方法について説明 しなければならない。,建物の貸借の媒介を行う場合、当訪建物が、水防法施行規則第 11 条第 1 号の規定により 市町村 (特別区を含む。) の長が提供する図面にその位置が表示されている場合には、当該 図面が存在していることを説明すれば足り る。,自ら売主となって建物の売買契約を締結する場合、当該建物の引渡しの時期について説明 しなければならない。,1,正解は 1 です。 宅建業法35条の重要事項説明では、契約前に買主・借主が判断するために重要な事項を説明します。説明できるのは宅地建物取引士で、取引士証の提示や重要事項説明書への記名などがポイントです。 この解説は学習用の要約です。法改正や判例変更があるため、実務では最新条文・判例も確認してください。,令和4年度宅地建物取引士資格試験 公式PDF（OCR抽出）,2022_p20.jpg,q_2022_36.jpg
R4-2022-037,2022,37,宅建業法,FALSE,FALSE,宅地填物取引業者Aがその業務に関して行う広告に関する次の記述のうち、和宅地 建物取引業法 (以下この間において「法」 という。) の規定によれば、正しいもゃのはいくつあ るか。 ア Aが未完成の建売住宅を販売する場合、建築基準法第 6 条第 1 項に基づく確認を受けた後、 同項の変更の確認の申請書を提出している期間においては、 変更の確認を受ける予定である ことを表示し、かつ、当初の確認内容を合わせて表示すれば、変更の確認の内容を広告する ことができる。 イ Aが新築住宅の売買に関する広告をインターネットで行った場合、実際のものより著しく 優良又は有利であると人を誤認させるような表示を行ったが、当該広告について問合せや申 込みがなかったときは、法第 32 条に定める誇大広告等の禁止の規定に違反しない。 ウ Aが一団の宅地の販売について、数回に分けて広告をするときは、そのたびごとに広告へ 取引態様の別を明示しなければならず、当訪広告を見た者から売買に関する注文を受けたと きも、改めて取引衣様の別を明示 しなければならない。,一つ,ニニつっ,三つ,なし ーー,2,正解は 2 です。 宅建業法では誇大広告等が禁止されています。また、未完成物件では必要な許可等を受ける前に広告や契約締結が制限される場合があります。 この解説は学習用の要約です。法改正や判例変更があるため、実務では最新条文・判例も確認してください。,令和4年度宅地建物取引士資格試験 公式PDF（OCR抽出）,2022_p21.jpg,q_2022_37.jpg
R4-2022-038,2022,38,宅建業法,FALSE,FALSE,宅地填物取引業者が自ら売主となる宅地の売買契約について、買受けの申込みを 喘茶店で行った場合における宅地建物取引業法第 37 条の 2 の規定に基づくいわゆるクーリン グ・オフに関する次の記述のうち、正しいものはどれか。 1 買受けの申込みをした者が、売買契約締千後、当該宅地の引渡しを受けた場合、クターリン グ・オフによる当該売買契約の解除を行うことができない。 2 買受けの申込みをした者が宅地建物取引業者であった場合、クーリング・オフについて告 げられていなくても、 申込みを行った日から起算して8 日を経過するまでは、書面により買 受けの申込みの撤回をすることができる。 3 売主業者の申出により、買受けの申込みをした者の勤務先で売買契約を行った場合、クー リング・オフによる当該売買契約の解除を行うことはできない。 - 4. クーリング・オフによる売買契約の解除がなされた場合において、宅地填物取引業者は、 買受けの申込みをした者に対し、・速やかに、当訪売買契約の締結に際し受領した手付金その 他の金銭を返還しなければならない。,（PDF画像OCRで選択肢の分割に失敗しました。元PDFを確認してください。）,,,,4,正解は 4 です。 手付は、解約手付・違約手付・証約手付などの性質が問題になります。宅建業者が自ら売主となる場合は、手付金等の保全措置や手付額の制限も重要です。 この解説は学習用の要約です。法改正や判例変更があるため、実務では最新条文・判例も確認してください。,令和4年度宅地建物取引士資格試験 公式PDF（OCR抽出）,2022_p21.jpg,q_2022_38.jpg
R4-2022-039,2022,39,宅建業法,FALSE,FALSE,宅地填物取引業保証協会 (以下この問において「保証協会] という。) に関する 次の記述のうち、宅地建物取引業法の規定によれば、正しいゃのはどれか。,保証協会は、弁済業務保証金について弁済を受ける権利を有する者から認証申出書の提出 があり、設証に係る事務を処理する場合には、各月ごとに、認証申出書に記載された取引が 成立した時期の順序に従ってしなければならない。,保証協会は、当該保証協会の社員から弁済業務保証金分担金の納付を受けたときは、その 納付を受けた額に相当する額の弁済業務保証金を当該社員の主たる事務所の最寄りの供託所 に供託しはければならない。,保証協会の社員が弁済業務保証金分担金を納付した後に、新たに事務所を設置したときは、 その日から 2 週間以内に保証協会に納付すべき弁済業務保証金分担金について、国償証券を もって売てることができる。,宅地填物取引業者と宅地の売買契約を締粘した買主 (宅地建物取引業者ではない。) は、 当該宅地針物取引業者が保証協会の社員となる前にその取引により生じた債権に関し、当該 保証協会が供託した弁済業務保証金について弁済を受ける権利を有する。 ー 9一,4,正解は 4 です。 建物では、構造、耐震性、劣化、維持管理、設備状況などが重要です。中古住宅では契約不適合やインスペクションにもつながります。 この解説は学習用の要約です。法改正や判例変更があるため、実務では最新条文・判例も確認してください。,令和4年度宅地建物取引士資格試験 公式PDF（OCR抽出）,2022_p22.jpg,q_2022_39.jpg
R4-2022-040,2022,40,宅建業法,FALSE,FALSE,建物の貸借の媒介を行う宅地著物取引業者が、その取引の相手方 (宅地壮物取引 業者を除く。) に対して、次のアからエの発言に続けて宅地建物取引業法第 35 条の規定に基づ く重要事項の説明を行った場合のうち、宅地填物取引業法の規定に違反しないものはいくつあ るか。 ア 本日は重要事項の説明を行うためにお電話しました。 お客様は 1 環境をお持ちでなく映 像を見ることができないとのことですので、和宅地建物取引士である私が記名押印した重要事 項説明書は現在お住まいの住所に郵送いたしました。このお電話にて重要事項の説明をさせ ていただきますので、お手元でご覧いただきながらお開き願います。 イ 建物の貸主が宅地建物取引業者で、代表者が宅地填物取引士であり建物の事情に詳しいこ とから、その代表者が作成し、記名押印した重要事項説明書がこちらになります。 当社の宅 地針物取引士は同席しますが、説明は貸主の代表者が担当します。 ウ この物件の担当である弊社の宅地半物取引士が本日急用のため対応できなくなりましたが、 せっかくお越しいただきましたので、重要事項説明書にある宅地建物取引土欄を町正の上、 宅填物取引士である私が記名押印をし、代わりに説明をいたします。私の宅地填物取引士 証をお見せします。 エ 本日はお客様のご希望ですので、テレビ会議を用いて重要事項の説明を行います。 当社の 側の音声は閉こえていますでしょうか。 十分に開き取れたとのお返事、こちらにも聞こえま した。では、説明を担当する私の宅地建物取引士証をお示ししますので、画面上でご確認を いただき、私の名前を読み上げていただけますでしょうか。そうです、読み方も間違いあり ません。それでは、双方音声・映像ともやりとりできる状況ですので、説明を始めます。事 前にお送りした私が記名押印した重要事項説明書をお手元にご用意ください。,一つ,ニっ,三つ,四つ ーー一,2,正解は 2 です。 宅建業法35条の重要事項説明では、契約前に買主・借主が判断するために重要な事項を説明します。説明できるのは宅地建物取引士で、取引士証の提示や重要事項説明書への記名などがポイントです。 この解説は学習用の要約です。法改正や判例変更があるため、実務では最新条文・判例も確認してください。,令和4年度宅地建物取引士資格試験 公式PDF（OCR抽出）,2022_p22.jpg,q_2022_40.jpg
R4-2022-041,2022,41,宅建業法,FALSE,FALSE,営業保証金及び宅地建物取引業保証協会 (以下この間において「保証協会] とい う。) に関する次の記述のうち、和宅地填物取引業法の規定によれば、許っているものはいくつ あるか。 ア 宅地建物取引業者の代表者が、その業務に関し刑法第 222 条 (償迫) の罪により徐役の刑 に処せられたことを理由に宅地填物取引業の免許を取り消きれた場合、当該宅地建物取引業 者であった者は、当該刑の執行を終わった日から5 年間は供託した営業保証金を取り戻すこ とができない。 イ 営業保証金の選付により、営業保証金が政令で定める額に不足することとなったため、国 土交通大臣又は者道府県知事から不足額を供託すべき旨の通知書の送付を受けた宅地半物取 引業者は、その送付を受けた日から 2 週間以内にその不足額を供託しなければならない。 ウ 保証協会の社員は、自らが取り扱った宅地刈物取引業に係る取引の相手方から当訪取引に 関する苦情について解決の申出が保証協会にあり、保証協会から関係する資料の提出を求め られたときは、正当な理由がある場合でなければ、これを拒んではならない。 エ 保証協会の社員と宅地建物取引業に関し取引をした者は、その取引により生じた債権に関 し、 当該社員が納付した弁済業務保証金の額に相当する領の範囲内において弁済を受ける権 利を有する。,一つ,ニニつ,三っ -,四つ,2,正解は 2 です。 宅地建物取引業を営むには原則として免許が必要です。免許権者、免許換え、欠格事由、廃業等の届出などが出題されやすい論点です。 この解説は学習用の要約です。法改正や判例変更があるため、実務では最新条文・判例も確認してください。,令和4年度宅地建物取引士資格試験 公式PDF（OCR抽出）,2022_p23.jpg,q_2022_41.jpg
R4-2022-042,2022,42,宅建業法,FALSE,FALSE,宅地填物取引業者Aが、BからB所有の宅地の売却を依頼され、Bと専属専任媒 介契約 (以下この間において「本件媒介契約] という。) を締結した場合に関する次の記述の うち、宅地填物取引業法の規定によれば、正しいものはどれか。,AはBに対して、契約の相手方を探索するために行った描置など本件媒介契約に係る業務 の処理状況を 2 週間に 1 回以上報告しなければならない。,AがBに対し当該宅地の価額又は評価額について意見を述べるときは、その根拠を明らか にしなければならないが、根拠の明示は口頭でも書面た用いてもどちらでもよい。,本件媒介契約の有効期間について、あらかじめBからの書面による申出があるときは、 3 か 月を超える期間を定めることができる。,Aは所定の事項を指定流通機構に登録した場合、Bから引渡しの依頼がなければ、その登 録を証する書面をBに引き渡さなくてもよい。 ーー,2,正解は 2 です。 媒介契約では、契約類型ごとの書面交付、指定流通機構への登録、業務処理状況の報告義務などが問われます。専任・専属専任・一般媒介の違いを整理することが重要です。 この解説は学習用の要約です。法改正や判例変更があるため、実務では最新条文・判例も確認してください。,令和4年度宅地建物取引士資格試験 公式PDF（OCR抽出）,2022_p23.jpg,q_2022_42.jpg
R4-2022-043,2022,43,宅建業法,FALSE,FALSE,宅地建物取引業者Aが、自ら売主として行う売買契約に関する次の記述のうち、 宅地針物取引業法の規定によれば、誤っているものはどれか。なお、買主は宅地建物取引業者 ではないものとする。,Aが、和宅地駐は建物の売買契約に際して手付を受領した場合、その手付がいかなる人性質の ものであっても、Aが契約の履行に着手するまでの間、買主はその手付を放乗して契約の解 除をすることができる。,Aが、土地付建物の売買契約を締結する場合において、買主との間で、「売主は、売買物 件の引渡しの日から 1 年間に限り 当該物件の種類又は品質に関して契約の内容に適合しない 場合におけるその不適合を担保する資任を負う]」 とする旨の特約を設けることができる。,"販売代金2,500 万円の宅地について、Aが人売買契約の締若を行い、損害賠償の額の予定及 び倍約金の定めをする場合、その合計額を 500 万円と設定することができる。",Aが建物の割肛販売を行った場合、当該建物を買主に引き渡し、かつ、代金の額の10分 の3を超える人額の支払を受けた後は、担保の目的で当該建物を譲り受けてはならない。,2,正解は 2 です。 建物では、構造、耐震性、劣化、維持管理、設備状況などが重要です。中古住宅では契約不適合やインスペクションにもつながります。 この解説は学習用の要約です。法改正や判例変更があるため、実務では最新条文・判例も確認してください。,令和4年度宅地建物取引士資格試験 公式PDF（OCR抽出）,2022_p24.jpg,q_2022_43.jpg
R4-2022-044,2022,44,宅建業法,FALSE,FALSE,宅地夏物取引業法 (以下この問において「法] という。) 第37 条の規定により交 付すべき書面 (以下この間において 「37 条書面」 という。) に関する次の記述のうち、宅地建 物取引業者Aが法の規定に倍反するものはどれか。,Aは、自ら売主として宅地針物取引業者ではない B との間で宅地の売買契約を締結した。 この際、当該買主の代理として宅地建物取引業者Cが関与していたことから、37 条書面を Bに加え、Cにも交付した。,Aは、その媒介により建物の貸借の契約を成立させ、37 条書面を借主に交付するに当たり、 37 条書面に記名 した宅地建物取引士が不在であったことから、宅地填物取引士ではないA の従業員に書面を交付させた。,Aは、その媒介により借主Dと建物の貸借の契約を成立きせた。この際、借賃以外の金銭 の授受に関する定めがあるので、その領や当訪金銭の授受の時期だけでなく、当訪金銭の授 受の目的についても 37 条書面に記載し、Dに交付した。,Aは、自ら売主として宅地建物取引業者の媒介により、宅地建物取引業者F と宅地の売 買契約を締結した。37 条書面については、A、E、F の三者で内容を確認した上で各自作 成し、交付せずにそれぞれ自ら作成した書類を保管した。 ーー,4,正解は 4 です。 宅建業法は、消費者保護と取引の公正を目的とする分野です。誰が、いつ、何を書面で説明・交付するかを中心に整理します。 この解説は学習用の要約です。法改正や判例変更があるため、実務では最新条文・判例も確認してください。,令和4年度宅地建物取引士資格試験 公式PDF（OCR抽出）,2022_p24.jpg,q_2022_44.jpg
R4-2022-045,2022,45,宅建業法,FALSE,FALSE,特定住宅下交担保責任の履行の確保等に関する法律に基づく住宅皮売壱担保保 証金の供託双は住宅販直上揚保調保険契約の締結に関する次の記述のうち、正しいものは どれか。,宅地寺物取引業者は、自ら売主として宅地物取引業者である買主との開で新和住宅の売 買約を其結し、その住宅を引き波す場合住宅販売担保保証金の供託又は住宅販売避 朱担保許保険契約の締結を行う義務を負う,住宅販売皮玉提保調保険契約は、新穫住宅の引渡し時から 10 年以上有効でなければな らないが、当談新住宅の買主の承店があれば、当設保際約に係る保険期間を 5 年間に知 縮することができる。,自ら売主として新築住宅を販売する宅地寺物取引業者は、基準日から 3通間を経過する日 までの間において、当該基准日前 10 年間に自ら売主となる売買契約に差づき宅地寺物取引 業者ではない買主に引き濾した新築住宅(住宅販売相上担保許保険契約に係る新築住宅を 除く。) について、 住宅販売担保保証金の作託をしていなければならない。,宅地塊取引菜者が住宅販売了六揚保保証金の供託をし、その観が、 基準日において、販 売新宅の合計戸数を基礎として算定する基準額を超えることとなった場合、宅地針物取 引業法の免許を受けた国士交通大臣叉は者首府県知事の承認がなくても、その超過額を取り 戻すことができる。 。 ーー,3,正解は 3 です。 契約不適合責任では、目的物が契約内容に適合しない場合に、追完請求、代金減額請求、損害賠償請求、解除が問題になります。通知期間や売主が宅建業者の場合の特約制限にも注意します。 この解説は学習用の要約です。法改正や判例変更があるため、実務では最新条文・判例も確認してください。,令和4年度宅地建物取引士資格試験 公式PDF（OCR抽出）,2022_p25.jpg,q_2022_45.jpg
R4-2022-046,2022,46,免除科目,FALSE,FALSE,独立行政法人住宅金融支援機構 (以下この問において「機構] という。) に関す る次の記述のうち、誤っているものはどれか。 -,機構は、住宅の建設又は購入に必要な資金の貸付けに係る金融機関の貸付債権の譲受けを 業務として行っているが、当該住宅の建設又は購入に付随する土地又は借地権の取得に必要 な資金については、議受けの対象としていない。,機構は、団体信用生命保険業務において、貸付けを受けた者が死亡した場合のみならず、 重度障害となった場合においても、支払われる生命保険の保険金を当該貸付けに係る債務の 弁済に充当することができる。,証券化支援事業 (買取型) において、 機構による譲受けの対象となる貸付債権の償記方法 には、元利均等の方法であるものに加え、元金均等の方法であるものもある。,機構は、証券化支援事業 (買取型) において、MBS (資産担保証券) を発行することに より、債券市場 (投資家) から資金を調達している。,1,正解は 1 です。 住宅金融支援機構では、証券化支援事業や住宅ローンに関する制度が問われます。宅建実務ではローン説明にも関係します。 この解説は学習用の要約です。法改正や判例変更があるため、実務では最新条文・判例も確認してください。,令和4年度宅地建物取引士資格試験 公式PDF（OCR抽出）,2022_p25.jpg,q_2022_46.jpg
R4-2022-047,2022,47,免除科目,FALSE,FALSE,宅地填物取引業者が行う広告に関する次の記述のうち、不当景品頻及び不当表示 防止法 (不動産の表示に関する公正競争規約を含む。) の規定によれば、正しいもゃのはどれか。 1 物件からスーパーマーケット等の商業施設までの徒歩所要時間は、道路距離 80m につき,分間を要するものとして算出し、1分未満の端数が生じしたときは、端数を切り捨てて表示 しなければならない。 -,インターネット上に掲載した賃貸物件の広告について、掲載直前に契約済みとなっていた としても、消費者からの問合せに対して既に契約済みであり取引できない紹を説明すれば、 不当表示に問われることはない。,マンションの管理費について、住戸により管理費の額が異なる場合において、その全ての 住宅の管理費を示すことが困難であるときは、最高額のみを表示すればよい。,建築条件付土地の取引の広告においては、当該条件の内容、当該条件が成凌しなかったと きの措置の内容だけでなく、そもそも当該取引の対象が土地であることも明らかにして表示 しなければならない。 ーー,4,正解は 4 です。 宅建業法では誇大広告等が禁止されています。また、未完成物件では必要な許可等を受ける前に広告や契約締結が制限される場合があります。 この解説は学習用の要約です。法改正や判例変更があるため、実務では最新条文・判例も確認してください。,令和4年度宅地建物取引士資格試験 公式PDF（OCR抽出）,2022_p26.jpg,q_2022_47.jpg
R4-2022-048,2022,48,免除科目,FALSE,FALSE,次の記述のうち、正しいゃのはどれか。,建築着工和計調査報告(信和 3 年計。 信和4年1 月公表) によれば、令和3 年の新設住宅 の着工戸数の う ち、持家は前年比で増加したが、泊家及び分譜住宅は前年比で減少した。,信和4年地価公示 (信和 4 年 月公表) によれば、信和 3 年月以降の1 年間の住宅地の 地価は、三大者市園平均では下落したものの、それ以外の地方剛平均では上昇した。,信和4年上土地自番 (令和4年6 月公表) によれば、令和3 年の全国の土地到引件数は約 133 万件となり、土地取引件数の対前年比は令和元年以降減少が続いている。,国土交通省の公表する不動産価格指数のうち、全国の商業用不生産総合の季節調整値は、 2021 年(信和 3 年) においては第 1 四半期から第 4四半期まで連続で対前期比増となった。,ALL,この問題は全ての選択肢を正解扱いとする問題です。 問題文の条件を整理し、各選択肢が条文・判例・制度趣旨に合うかを一つずつ判断します。 この解説は学習用の要約です。法改正や判例変更があるため、実務では最新条文・判例も確認してください。,令和4年度宅地建物取引士資格試験 公式PDF（OCR抽出）,2022_p26.jpg,q_2022_48.jpg
R4-2022-049,2022,49,免除科目,FALSE,FALSE,土地に関する次の記述のうち、最も不適当なものはどれか。,台地の上の浅い谷は、 豪雨時には一時前に浸水することがあり、注意を要する。,低地は、一般に洪水や地震などに対して強く、防災的見地から住宅地として好ましい。,埋立地は、平均海面に対し4一5m の贅高があり護岸が強固であれば、住宅地としても 利用が可能である。 、,国土交通省が運営するハザードマップポータルサイトでは、洪水、土災審、高湖、当波 のリスク情報などを地図や写真に重ねて表示できる。,2,正解は 2 です。 土地では、地形・地盤・災害リスク・道路付けなどが重要です。実務では買主の利用目的や再建築可能性にも関係します。 この解説は学習用の要約です。法改正や判例変更があるため、実務では最新条文・判例も確認してください。,令和4年度宅地建物取引士資格試験 公式PDF（OCR抽出）,2022_p27.jpg,q_2022_49.jpg
R4-2022-050,2022,50,免除科目,FALSE,FALSE,建築物の構造に関する次の記述のうち、最も不適当なものはどれか。,木造は主要構造を木質系材料で構成するものであり、 在来軸細構法での主要構造は、 一般に朝組、小屋組、床組からなる。,在来胃構法の電直は、通常、水平材である土台、橋、胴差と垂直材の柱及び計力療か らなる。,小尾起は、屋根の骨組であり、小屋遇、小尾東、二記、還木邊の部材を組み合わせた和小 屋と、駐買、章、方等の部材で形成するトラス構造の洋小屋がある。,電組に仕上げを施した壁には、真詳と大左があり、真諸のみで構成する洋風構造と、大礁 のみで構成する和必構造があるが、これらを佐用する場合はない。 ーョー 受験番号記入欄 (受験番号シール貼付け欄) 令和 4 年度問題,4,正解は 4 です。 問題文の条件を整理し、各選択肢が条文・判例・制度趣旨に合うかを一つずつ判断します。 この解説は学習用の要約です。法改正や判例変更があるため、実務では最新条文・判例も確認してください。,令和4年度宅地建物取引士資格試験 公式PDF（OCR抽出）,2022_p27.jpg,q_2022_50.jpg
R3-2021-001,2021,1,権利関係,FALSE,FALSE,次の1から4までの記述のうち、民法の規定、判例及び下記判決文によれば、正 しいものはどれか。 (着決文) 賃貸人は、特別の約定のないかぎり、賃僅から家屋明渡を受けた後に前記の敷金残額を返 選すれば足りるものと解すべく、したがつて、家屋明濾偵務と敷金返明債務とは同時履行の関 係にたつものではないと解するのが相当であり、このことは、賃貸借の終了原因が解除 (解 約) による場合であつても異なるところはないと解すべきである。 。,賃借人の家屋明渡債務が賃貸人の昔金返還債務に対し先履行の関係に立つと解すべき場合、 賃借人は賃貸人に対し敷金返如請求権をもって家屋につき留置権を取得する余地はない。,賃貸僅の終了に伴う賃借人の家屋明渡債務と賃貸人の敷金返避債務とは、 1 個の双務契約 によって生じた対価的債務の関係にあるものといえる。,賃貸借における敷金は、賃貸借の終了時点までに生じた債権を担保するものであって、賃 貸人は、賃貸借終了後賃何人の家屋の明渡しまでに生じた債権を敷金から控除することはで きない。,賃貸僅の終了に伴う賃借の家屋明渡債務と賃貸人の肖金返選債務の間に同時履行の関係 を育定することは、家屋の明渡しまでに賃貸人が取得する一切の償権を狙保することを日的 とする弊金の性質にも適合する。 ーュー,1,正解は 1 です。 借地借家法では、普通借地・定期借地・普通建物賃貸借・定期建物賃貸借の違いが重要です。存続期間、更新、終了、書面要件を整理します。 この解説は学習用の要約です。法改正や判例変更があるため、実務では最新条文・判例も確認してください。,令和3年度宅地建物取引士資格試験 10月試験 公式PDF（OCR抽出）,2021_p03.jpg,q_2021_01.jpg
R3-2021-002,2021,2,権利関係,FALSE,FALSE,債務者A、B、Cの3名が、令和3年7月1 日に、内部的な負担部分の割合は等 しいものとして合意した上で、債権者Dに対して 300 万円の連淀償務を負った場合に関する次 の記述のうち、民法の規定によれば、誤っているものはどれか。,DがAに対して裁判上の請求を行ったとしても、特段の合意がなければ、BとCがDに対 して負う債務の消減時効の完成には影響しない。 -,BがDに対して 300 万円の債柳を有している場合、Bが相殺を援用しない聞に 300 万円の 支払の請求を受けたとは、BのDに対する債権で相殺する旨の意思表示をすることができる。,DがCに対して債務を免除した場合でも、特段の合意がなければ、DはAに対してもBに 対しても、弁済期が到来した 300 万円全額の支払を請求することができる。,AとDとの間に更改があったときは、300 万円の債権は、全ての連帯債務者の利益のため に消滅する。,2,正解は 2 です。 権利関係は、民法・借地借家法などを中心に、契約の成立、効力、解除、対抗関係を判断する分野です。 この解説は学習用の要約です。法改正や判例変更があるため、実務では最新条文・判例も確認してください。,令和3年度宅地建物取引士資格試験 10月試験 公式PDF（OCR抽出）,2021_p03.jpg,q_2021_02.jpg
R3-2021-003,2021,3,権利関係,TRUE,FALSE,個人として事業を営むAが死亡した場合に関する次の記述のうち、民法の規定に よれば、許っているものはいくつあるか。なお、いずれの契約も令和 3年7 月1 日付けで締結 きれたものとする。 ア AがBとの間でB所有建物の消掃に関する準委任契約を締結していた場合、Aの相続人は、 Bとの間で特段の合意をしなくても、当訪準委任契約に基づく清掃業務を行う義務を負う。 イ AがA所有の建物について賃僅和人Cとの間で賃貸筐契約を締結している期間中にAが死亡 した場合、Aの相続人は、Cに賃貸借契約を継続するか否かを相当の期間を定めて催告し、 期間内に返答がなければ賃貸借契約をAの死亡を理由に解除することができる。 ウ AがA所有の土地について買主Dとの間で売買契約を締結し、当該土地の引渡しと残代金 決済の前にAが死亡した場合、当玉売買契約は原始的に履行が不能となって無効となる。 エエ AがE所有の建物について貸主との聞で使用貸借契約を締結していた場合、Aの相続人 は、Eとの間で特段の合意をしなくても、当該使用貸借契約の借主の地位を祖続して当該建 物を使用することができる。,一つ,ニっ,三つ,四つ ーー,4,正解は 4 です。 相続では、相続人、相続分、遺産分割、代襲相続、相続放棄、遺言の効力などを整理します。相続開始前後で権利関係がどう変わるかがポイントです。 この解説は学習用の要約です。法改正や判例変更があるため、実務では最新条文・判例も確認してください。,令和3年度宅地建物取引士資格試験 10月試験 公式PDF（OCR抽出）,2021_p04.jpg,q_2021_03.jpg
R3-2021-004,2021,4,権利関係,FALSE,FALSE,祝相続人Aの配偶者Bが、A所有の建物に相続開始の時に居住していたため、遺 産分割協議によって配偶者居住権を取得した場合に関する次の記述のうち、民法の規定によれ ば、正しいもゃのはどれか。,遺産分割壇議でBの配個者居住権の存続期間を 20 年と定めた場合、存統期間が満了した 時点で配偶者居住権は消滅し、配條者居住権の延長や更新はできない。,Bは、配偶者居住権の存続期間内であれば、居住している建物の所者の承諾を得ること なく、第三者に当該物を賃貸することができる。,配偶者居住権の存続期間中にBが死亡した場合、Bの相続人にはBの有していた配個者居 住権を相続する。,Bが配個者居住権に基づいて居住している建物が第三者Dに売却された場合、Bは、 配偶 者居住権の登記がなくてもDに対抗することができる。,1,正解は 1 です。 相続では、相続人、相続分、遺産分割、代襲相続、相続放棄、遺言の効力などを整理します。相続開始前後で権利関係がどう変わるかがポイントです。 この解説は学習用の要約です。法改正や判例変更があるため、実務では最新条文・判例も確認してください。,令和3年度宅地建物取引士資格試験 10月試験 公式PDF（OCR抽出）,2021_p04.jpg,q_2021_04.jpg
R3-2021-005,2021,5,権利関係,FALSE,FALSE,次の記述のうち、民法の規定及び判例によれば、正しいものはどれか。,令和3年4月1日において 18 歳の者は成年であるので、その時点で、携帯電話サービス・ の契約や不動産の賃貸借契約を 1 人で締粘することができる。,養育費は、子供が未成圭であって経済的に自立することを期待することができない期間を 対象として支払われるものであるから、 子供が成年に達したときは、当然に養育費の支払状 務が終了する。,営業を許された未成年者が、その営業に関するか容かにかかわらず、第三者から法定代理 人の同意なく負担付贈与を受けた場合には、法定代理人は当訪行為を取り消すことができな ws,意思能力を有しないときに行った不動産の売負契約は、後見開始の鶴判を受けているか可 かにかかわらず効力を有しない。 ーー,4,正解は 4 です。 権利関係は、民法・借地借家法などを中心に、契約の成立、効力、解除、対抗関係を判断する分野です。 この解説は学習用の要約です。法改正や判例変更があるため、実務では最新条文・判例も確認してください。,令和3年度宅地建物取引士資格試験 10月試験 公式PDF（OCR抽出）,2021_p05.jpg,q_2021_05.jpg
R3-2021-006,2021,6,権利関係,FALSE,FALSE,売買代金全権 (以下この間において「債権] という。) の譲渡 (令和3年7月1 日に譲渡契約が行われたもの) に関する次の記述のうち、民法の規定によれば、誤っているも のはどれか。,議渡制限の意思表示がされた債権が譲渡された場合、当訪偵権譲渡の効力は妨げられない が、債務者は、その債権の全額に邊当する金銭を供託することができる。,債権が誠渡された場合、その意思表示の時に債権が現に発生していないときは、護受人は、 その後に発生した債権を取得できない。,譲渡制限の意思表示がされた債権の譲受人が、その意思表示がされていたことを知ってい たときは、債務者は、その人務の履行を所なことができ、かつ、譲渡人に対する弁済その他 の債務を消滅させる事由をもって譲受人に対沈することができる。,債権の議渡は、議渡人が債務者に通知し、又は債務者が承諾をしなければ、債務者その他 の第三者に対抗することができず、その譲渡の通知又は承諾は、確定日付のある証書によっ てしなければ、償務者以外の第三者に対抗することができない。,2,正解は 2 です。 権利関係は、民法・借地借家法などを中心に、契約の成立、効力、解除、対抗関係を判断する分野です。 この解説は学習用の要約です。法改正や判例変更があるため、実務では最新条文・判例も確認してください。,令和3年度宅地建物取引士資格試験 10月試験 公式PDF（OCR抽出）,2021_p05.jpg,q_2021_06.jpg
R3-2021-007,2021,7,権利関係,FALSE,FALSE,Aを売主、Bを買主として、ム所有の甲自動車を 50 万円で売却する契約 (以下 この間において「本信契約」という。) が信和3年7月1日に締結きれた場合に関する次の記 人述のうち、民法の規定によれば、誤っているものはどれか。,Bが甲自動車の引渡しを受けたが、甲自動車のエンジンに契約の内容に適合しない欠陥が あることが判明した場合、BはAに対して、甲自動車の修理を請求することができる。,Bが甲自動車の引渡しを受けたが、皿自動車に契約の内容に適合しない修理不能な損得が あることが判朋した場合、BはAに対して、売買代金の減額を請求することができる。,Bが引渡しを受けた甲自動車が故障を起こしたときは、修理が可能か耕かにかかわらず、 BはAに対して、修理を請求することなく、本件契約の解除をすることができる。,甲自動車について、第三者CがA所有ではなくC所有の自動車であると主張しており、B が所有権を取得できないおそれがある場合、Aが相当の担保を供したときを除き、BはAに 対して、売買代金の支払を拒絶することができる。 ーォー,3,正解は 3 です。 権利関係は、民法・借地借家法などを中心に、契約の成立、効力、解除、対抗関係を判断する分野です。 この解説は学習用の要約です。法改正や判例変更があるため、実務では最新条文・判例も確認してください。,令和3年度宅地建物取引士資格試験 10月試験 公式PDF（OCR抽出）,2021_p06.jpg,q_2021_07.jpg
R3-2021-008,2021,8,権利関係,FALSE,FALSE,Aが1人で居住する皿建物の保存に中獲があったため、令和 3 年7月1 日に甲建 物の壁が崩れて通行人Bがケガをした場合 (以下この間において「本件事故] という。) にお ける次の記述のうち、民法の規定によれば、誤っているものはどれか。,Aが甲建物をCから賃供している場合、Aは甲建物の保存の天による損害の発生の防止 に必要な注意をしなかったとしても、Bに対して不法行為頁任を負わない。,Aが甲建物を所有している場合、Aは皿建物の保存の憶芝による損害の発生の防止に必要 な注意をしたとしても、Bに対して不法衝責任を負う。 。,本件事故について、AのBに対する不法行為資任が成立する場合、BのAに対する損害貼 信請水権は、B又はBの法定代理人が損害又は加湊者を知らないときでも、本件事攻の時か ら 20 年間行使しないときには時効により消渋する。,本件事故について、AのBに対する不法行為資任が成立する場合、BのAに対する損害賠 償請求権は、B又はBの法定代理人が寄及び加害者を知った時から5 年間行使しないとき には時効により消滅する。,1,正解は 1 です。 建物では、構造、耐震性、劣化、維持管理、設備状況などが重要です。中古住宅では契約不適合やインスペクションにもつながります。 この解説は学習用の要約です。法改正や判例変更があるため、実務では最新条文・判例も確認してください。,令和3年度宅地建物取引士資格試験 10月試験 公式PDF（OCR抽出）,2021_p06.jpg,q_2021_08.jpg
R3-2021-009,2021,9,権利関係,FALSE,FALSE,Aには死亡した夫Bとの間に子Cがおり、Dには離婚した前妻との聞に子下及 び子Gがいる。F の親権はEが有し、Gの親権はDが有している。AとDが第姓した後にDが 令和3年7月1 日に死亡した場合における法定相続分として、民法の規定によれば、正しいも のはどれか。,Aが2分の1、Fが4分の1、Gが4分の1,Aが2分の1、Cが6分の1、Fが6分の1、Gが6分の1,Aが2分の1、Gが2分の1,AAが2分の1、Cが4分の1、Gが4分の1 ーーュー,1,正解は 1 です。 相続では、相続人、相続分、遺産分割、代襲相続、相続放棄、遺言の効力などを整理します。相続開始前後で権利関係がどう変わるかがポイントです。 この解説は学習用の要約です。法改正や判例変更があるため、実務では最新条文・判例も確認してください。,令和3年度宅地建物取引士資格試験 10月試験 公式PDF（OCR抽出）,2021_p07.jpg,q_2021_09.jpg
R3-2021-010,2021,10,権利関係,FALSE,FALSE,AとBとの間で、Aを売主、Bを買主とする、等価値の美術品忠又はとのいずれ か選択によって定められる美術品の売買契約 (以下この問において「本件契約] という。) が 令和3年月1日に締結きれた場合に関する次の記述のうち、民法の規定によれば、正しいも のはどれか。,本件契約において、給付の目的を申にするかとにするかについて、第三者Cを選択権者と する合意がなされた場合、Cが選択をすることができないときは、選択権はBに移転する。,本件契約において、給付の目的を申にするかとにするかについて、Aを選択権者とする合 意がなされた後に、Aの失火により甲が全焼したときは、銘付の目的物はととなる。,本件契約において、給付の日的を申にするかとにするかについての選択権に関する特段の 合意がない場合、Bが選択権者となる。,本逢契約において、給付の目的を忠にするかとにするかについて、第三者Dを選択権者と する合意がなされた場合、Dが選択権を行使するときは、AとBの両者に対して意思表示を しなければならない。,2,正解は 2 です。 権利関係は、民法・借地借家法などを中心に、契約の成立、効力、解除、対抗関係を判断する分野です。 この解説は学習用の要約です。法改正や判例変更があるため、実務では最新条文・判例も確認してください。,令和3年度宅地建物取引士資格試験 10月試験 公式PDF（OCR抽出）,2021_p07.jpg,q_2021_10.jpg
R3-2021-011,2021,11,権利関係,FALSE,FALSE,Aは、所有している甲土地につき、Bとの間で建物折有を日的とする人貸借契約 (以下この間において「借地契約」という。) を締結する予定であるが、期間が満了した時点で、 確実に借地契約が終了するようにしたい。この場合に関する次の記述のうち、借地億家法の規 定によれば、誤っているものはどれか。,事業の用に供する建物を所有する目的とし、期間を 60 年と定める場合には、契約の更新 や建物の集造による存続期間の延長がない旨を書面で合意すれば、公正証書で合意しなくて も、その比を借地契約に定めることができる。,居住の用に供する建物を所有することを目的とする場合には、公正証書によって借地契約 を締結するときであっても、期聞を 20 年とし契約の更新や建物の築造による存続期間の延 長がない紀を借地契約に定めることはできない。,居住の用に供する建物を所有することを日的とする場合には、借地契約を書面で行えば、 借地権を消滅させるため、僅地権の設定から 20 年が経過した日に甲土地上の建物の所有権 を相当の対価でBからAに移転する旨の特約を有効に定めることができる。,借地契約がBの隆時設備の設思その他一時使用のためになされることが明らかである場合 には、期間を 5 年と定め、契約の更新や建物の築造による存続期間の延長がない家を借地下 約に定めることができる。 ー6 一,3,正解は 3 です。 借地借家法では、普通借地・定期借地・普通建物賃貸借・定期建物賃貸借の違いが重要です。存続期間、更新、終了、書面要件を整理します。 この解説は学習用の要約です。法改正や判例変更があるため、実務では最新条文・判例も確認してください。,令和3年度宅地建物取引士資格試験 10月試験 公式PDF（OCR抽出）,2021_p08.jpg,q_2021_11.jpg
R3-2021-012,2021,12,権利関係,FALSE,FALSE,Aを賃貸人、Bを賃傘人とする甲建物の賃貸借契約 (以下この問において「本件 契約]という。) が令和3年7 月1 日に締結された場合に関する次の記述のうち、民法及び借 地借家法の規定並びに判例によれば、正しいもゃのはどれか。,本件契約について期間の定めをしなかった場合、AはBに対して、いつでも解約の申入れ をすることができ、本件契約は、解約の申入れの日から 3 月を経過することによって終了す る。,甲建物がBに引き渡された後、甲建物の所有権がねからCに移転した場合、本件契約の敷 金は、他に特段の合意がない限り、BのAに対する未払質料債務に充当され、残額がCに承 継される。,甲建物が適法にBからDに転貸されている場合、AがDに対して本件契約が期間満了に よって終了する旨の通知をしたときは、建物の転貸僅は、その通知がされた日から3月を経 過することによって半了する。,本件契約が借地借家法第 38 条の定期建物賃貸借契約で、期間を 5 年、契約の更新がない 旨を定めた場合、Aは、期間満子の 1 年前から6 月前までの問に、Bに対し賃貸借が終了す る暫の通知をしなければ、従前の契約と同一条件で契約を更新したものとみなされる。,2,正解は 2 です。 借地借家法では、普通借地・定期借地・普通建物賃貸借・定期建物賃貸借の違いが重要です。存続期間、更新、終了、書面要件を整理します。 この解説は学習用の要約です。法改正や判例変更があるため、実務では最新条文・判例も確認してください。,令和3年度宅地建物取引士資格試験 10月試験 公式PDF（OCR抽出）,2021_p08.jpg,q_2021_12.jpg
R3-2021-013,2021,13,権利関係,FALSE,FALSE,建物の区分所有等に関する法律 (以下この間において「法] という。) に関する 次の記述のうち、誤っているものはどれか。,法又は規約により集会において決議をすべき場合において、区分所有者が 1 人でも反対す るときは、集会を開催せずに書面によって決議をすることはできない。,形状双は効用の著しい変更を伴う共用部分の変更については、区分所有者及び議決権の各 4分の3 以上の多数による集会の決議で決するものであるが、規約でこの区分所有者の定数 を過半数まで減ずることができる。,敷地利用権が数人で有する所有権その他の権利である場合には、規約に別段の定めがある ときを除いて、区分所有者は、その有する専有部分とその専有部分に係る敷地利用権とを分 見して処分することができない。 -,各共有者の共用部分の持分は、規約に別段の定めがある場合を除いて、その有する専有部 分の床面積の割合によるが、この灯面積は上その他の区画の中心線で囲まれた部分の水平投 影面積である。 ーィー,4,正解は 4 です。 建物では、構造、耐震性、劣化、維持管理、設備状況などが重要です。中古住宅では契約不適合やインスペクションにもつながります。 この解説は学習用の要約です。法改正や判例変更があるため、実務では最新条文・判例も確認してください。,令和3年度宅地建物取引士資格試験 10月試験 公式PDF（OCR抽出）,2021_p09.jpg,q_2021_13.jpg
R3-2021-014,2021,14,権利関係,FALSE,FALSE,不動産の登記に関する次の記述のうち、不動産登記法の規定によれば、正しいも のはどれか。,所有権の登記の拓消は、所有権の移転の登記がある場合においても、所有権の登記名義人 が単独で申請することができる。,登記の申請をする者の委任による代理人の権限は、本人の死亡によって消滅する。,法人の合併による権利の移転の登記は、登記権利者が単独で申請することができる。,信託の登記は、受託者が単独で申請することができない。,3,正解は 3 です。 権利関係は、民法・借地借家法などを中心に、契約の成立、効力、解除、対抗関係を判断する分野です。 この解説は学習用の要約です。法改正や判例変更があるため、実務では最新条文・判例も確認してください。,令和3年度宅地建物取引士資格試験 10月試験 公式PDF（OCR抽出）,2021_p09.jpg,q_2021_14.jpg
R3-2021-015,2021,15,法令上の制限,FALSE,FALSE,都市計画法に関する次の記述のうち、誤っているものはどれか。,地区計画については、都市計画に、当該地区計画の目標を定めるよう努めるものとされて いる。,地区計画については、都市計画に、区域の面積を定めるよう有努めるものとされている。,地区整備計画においては、市街化区域と市街化調整区域との区分の決定の有無を定めるこ とができる。,地区整備計画においては、建築物の建蔽率の最高限度を定めることができる。 ーsー,3,正解は 3 です。 都市計画法では、市街化区域・市街化調整区域、用途地域、開発許可の要否が重要です。区域区分と開発行為の制限をセットで確認します。 この解説は学習用の要約です。法改正や判例変更があるため、実務では最新条文・判例も確認してください。,令和3年度宅地建物取引士資格試験 10月試験 公式PDF（OCR抽出）,2021_p10.jpg,q_2021_15.jpg
R3-2021-016,2021,16,法令上の制限,FALSE,FALSE,都市計画法に関する次の記述のうち、正しいものはどれか。ただし、許可を要す る開発行為の面積については、条例による定めはないものとし、この間において「都道府県知 事」 とは、地方自治法に基づく指定都市、中核市及び施行時特例市にあってはその長をいうも のとする。,市街化区域において、都市公園法に規定する公園施設である建築物の建築を目的とした 5.000 mz の土地の区画形質の変更を行おうとする者は、あらかじめ、都道府県知事の許可 を受けなければならない。 -,弟都際整備法に規定する既成市街地内にある市街化区域において、住宅の建築を目的とし た 800 m* の土地の区画形質の変更を行おうとする者は、あらかじめ、都道府県知事の許可 を受けなければならない。,準都市計画区域において、商業施設の尋築を日的とした2.000 m* の土地の区画形質の変 更を行おうとする者は、あらかじめ、都首府県知事の許可を受けなければならない。,区域区分が定められていない都市計画区域において、土地区画整理事業の施行として行う 8.000 mz の土地の区画形質の変更を行おうとする者は、あらかじめ、都道府県知事の許可 を受けなければならない。,2,正解は 2 です。 都市計画法では、市街化区域・市街化調整区域、用途地域、開発許可の要否が重要です。区域区分と開発行為の制限をセットで確認します。 この解説は学習用の要約です。法改正や判例変更があるため、実務では最新条文・判例も確認してください。,令和3年度宅地建物取引士資格試験 10月試験 公式PDF（OCR抽出）,2021_p10.jpg,q_2021_16.jpg
R3-2021-017,2021,17,法令上の制限,FALSE,FALSE,建築基準法に関する次の記述のうち、正しいものはどれか。,居室の内装の仕上げには、ホルムアルデヒドを発散きせる建築材料を使用することが認め られていない。,4階建ての共同住宅の敷地内には、避難階に設けた屋外への出口から遺又は公園、広場そ の他の空地に通ずる幅員が 2 m 以上の通路を設けなければならない。,防火地域叉は準防火地域内にある建築物で、外療が防火模造であるものについては、その 外壁を陸地境界線に接して設けることができる。,建築主は、3階建ての木造の共同住宅を新築する場合において、特定行政庁が、安全上、 防火上及び避難上支障がないと認めたときは、 検査済証の交付を受ける前においても、仮に、 当該共同住宅を使用することができる。 ー9ー,4,正解は 4 です。 建築基準法では、接道義務、建ぺい率、容積率、用途制限、防火・準防火地域などが頻出です。特に道路幅員による容積率制限に注意します。 この解説は学習用の要約です。法改正や判例変更があるため、実務では最新条文・判例も確認してください。,令和3年度宅地建物取引士資格試験 10月試験 公式PDF（OCR抽出）,2021_p11.jpg,q_2021_17.jpg
R3-2021-018,2021,18,法令上の制限,FALSE,FALSE,次の記述のうち、建築基準法の規定によれば、誤っているものはどれか。,都市計画により和仁蔽率の限度が10 分の6 と定められている近陸商業地域において、準防 火地域内にある本火建築物で、街区の角にある敷地又はこれに準ずる敷地で特定行政庁が指 定するものの内にある建築物については、午蔽率の限度が 10 分の 8 となる。,市町村は、集落地区計画の区域において、用途地域における用途の制限を補完し、当該区 域の特性にふさわしい土地利用の増進等の目的を達成するため必要と認める場合においては、 国土交通大臣の承認を得て、当区域における用途制限を緩和することができる。,居住環境向上用途誘導地区内においては、公益上必要な一定の建築物を除き、建築物の建 敬率は、居住環境向上用途誘導地区に関する都市計画において建築物の建蔽率の最高限度が 定められたときは、当謎最高限度以下でなければならない。,都市計画区域内のごみ焼序場の用途に供する建築物について、特定行政庁が建築基準法第 51 条に規定する都市計画審議会の議を経てその敷地の位置が都市計画上支障がないと認め て許可した場合においては、都市計画においてその敷地の位置が決定しているものでなくて も、新築することができる。,2,正解は 2 です。 建築基準法では、接道義務、建ぺい率、容積率、用途制限、防火・準防火地域などが頻出です。特に道路幅員による容積率制限に注意します。 この解説は学習用の要約です。法改正や判例変更があるため、実務では最新条文・判例も確認してください。,令和3年度宅地建物取引士資格試験 10月試験 公式PDF（OCR抽出）,2021_p11.jpg,q_2021_18.jpg
R3-2021-019,2021,19,法令上の制限,FALSE,FALSE,宅地造成等規制法 (以下この問において「法] という。) に関する次の記述のう ち、誤っているものはどれか。なお、この間において「都道府県知事」 とは、地方自治法に基 づく指定都市、中核市及び施行時特例市にあってはその長をいうものとする。,宅地造成工事規制区域内において、宅地を造成するために切填をする土地の面積が500 mz であって磨土を生じない場合、切士をした部分に生じる岸の高きが1.5 m であれば、都道 府県知事の法第 8 条第 1 項本文の工事の許可は不要である。,都道府県知事は、法第 8 条第 1 項本文の工事の許可の申請があった場合においては、間洋 なく、文書をもって許可又は不許可の処分を申請者に通知しなければならない。,都道府県知事は、一定の場合には都道府県 (地方自治法に基づく指定都市、中核市叉は施 行時特例市の区域にあっては、それぞれ指定都市、中核市又は施行時特例市) の規則で、宅 地造成工事規制区域内において行われる宅地造成に関する工事の技術的基準を強化し、又は 付加することができる。,都道府県知事は、関係市町村長の意見を聴いて、宅地造成工事規制区域内で、宅地造成に 伴う和災害で相当数の居住者その他の者に危害を生ずるものの発生のおそれが大きい一団の造 成宅地の区域であって一定の基準に該当するものを、甘成宅地防災区域として指定すること ができる。 ーー一,4,正解は 4 です。 宅地造成・盛土規制では、災害防止の観点から、一定の工事に許可や届出が必要となる場合があります。区域指定と工事内容を確認します。 この解説は学習用の要約です。法改正や判例変更があるため、実務では最新条文・判例も確認してください。,令和3年度宅地建物取引士資格試験 10月試験 公式PDF（OCR抽出）,2021_p12.jpg,q_2021_19.jpg
R3-2021-020,2021,20,法令上の制限,FALSE,FALSE,土地区画整理法に関する次の記述のうち、誤っているものはどれか。,換地計画において参加組合員に対して号えるべきものとして定められた宅地は、換地処分 の公告があった日の翌日において、当該宅地の所有者となるべきものとして換地計画におい て定められた参加組合員が取得する。,換地計画において換地を定める場合においては、換地及び従前の宅地の位置、地積、土質、 水利、利用状況、環境等が照応するように定めなければならない。,土地区画理組合の設立の認可の公告があった日後、換地処分の公告がある日までは、施 行地区内において、土地区画整理事業の施行の障害となるおそれがある土地の形質の変更を 行おうとする者は、当該土地区両整理組合の許串を受けなければぱばならない。,土地区画整理組合の組合員は、組合員の3分の 1 以上の連固をもって、その代表者から理 由を記載した書面を土地区画芝理組合に提出して、理事又は監事の解任を請求することがで きる。,3,正解は 3 です。 土地区画整理法では、仮換地、換地処分、清算金、保留地などの用語と効果を整理します。仮換地指定後の使用収益関係がポイントです。 この解説は学習用の要約です。法改正や判例変更があるため、実務では最新条文・判例も確認してください。,令和3年度宅地建物取引士資格試験 10月試験 公式PDF（OCR抽出）,2021_p12.jpg,q_2021_20.jpg
R3-2021-021,2021,21,法令上の制限,FALSE,FALSE,農地に関する次の記述のうち、農地法 (以下この問において「法」という。) の 規定によれば、誤っているものはどれか。,遺産分割によって農地を取得する場合には、法第 3 条第1 項の許可は不要であるが、農業 委員会への届出が必要である。,法第3条第1 項の許可を受けなければならない場合の売買については、その許可を受けず に農地の売買契約を緒結しても、所有権移転の効力は生じない。,砂利採取法第 16 条の認可を受けて市街化調整区域内の農地を砂利採取のために一時的に 借り受ける場合には、法第 5 条第 1 項の許可は不要である。,都道府県が市街化調整区域内の農地を取得して病院を建設する場合には、都道府県知事 (法第4 条第1 項に規定する指定市町村の区域内にあってはその長) との協議が成立すれば、 法第 5 条第 1 項の許可があったものとみなされる。 ーー,3,正解は 3 です。 農地法では、農地の権利移動、転用、転用目的の権利移動について、3条・4条・5条の違いを押さえます。市街化区域内の届出との違いも重要です。 この解説は学習用の要約です。法改正や判例変更があるため、実務では最新条文・判例も確認してください。,令和3年度宅地建物取引士資格試験 10月試験 公式PDF（OCR抽出）,2021_p13.jpg,q_2021_21.jpg
R3-2021-022,2021,22,法令上の制限,FALSE,FALSE,国土利用計画法第 23 条の届出 (以下この問において「事後届出」 という。) に関 する次の記述のうち、正しいちゃのはどれか。なお、この間において 「都道府県知事」 とは、地 方自治法に基づく指定都市にあってはその長をいうものとする。,土地売買等の契約を締粘した場合には、当事者のうち当該契約による権利取得者は、その 契約を締若した日の翌日から起算して 3 週間以内に、事後届出を行わなければならない。,都道府県知事は、事後届出をした者に対し、その届出に係る土地に関する権利の移転若し くは設定後における土地の利用目前又は土地に関する権利の移転若しくは設定の対価の額に ついて、当該土地を含む周辺の地域の適正かつ合理的な土地利用を図るために必要な助言を することができる。,事後届出が必要な土地売買等の契約を締結したにもかかわらず、所定の期間内に当該屈出 をしなかった者は、都道府県知事からの勧告を受けるが、劉則の稀用はない。,宅地填物取引業者Aが所有する準都市計画区域内の 20.000 m? の土地について、10.000 mz をB市に、10.000 m* を宅地針物取引業者Cに売却する契約を締結した場合、B市は事後届 出を行う必要はないが、Cは一定の場合を除き事後屋出を行う必要がある。,4,正解は 4 です。 国土利用計画法では、一定面積以上の土地取引について事後届出が必要となる場合があります。届出義務者、届出期限、対象面積を確認します。 この解説は学習用の要約です。法改正や判例変更があるため、実務では最新条文・判例も確認してください。,令和3年度宅地建物取引士資格試験 10月試験 公式PDF（OCR抽出）,2021_p13.jpg,q_2021_22.jpg
R3-2021-023,2021,23,税・その他,FALSE,FALSE,所得税法に関する次の記述のうち、正しいものはどれか。,譲渡所得の特別控除額 (50 万円) は、議渡凛のうち、まず、資産の取得の日以後5年以 内にされた譲渡による所得で政令で定めるものに該当しないものに係る部分の金額から控除 し、なお控除しきれない特別控除額がある場合には、それ以外の譲渡による所得に係る部分 の金額か控除する。,譲渡所得の金額の計算上、資産の譲渡に係る総収入金額から控除する資産の取得費には、 その資産の取得時に支出した購入代金や購入手数料の金額は含まれるが、その資産の取得後 に支出した設備費及び改良費の額は含まれない。,建物の全部の所有を目的とする土地の賃借権の設定の対価として支払を受ける権利金の金 人額が、その土地の価額の 10 分の5 に相当する金額を超えるときは、不動産所得として課税 される。,居住者がその取得の日以後5 年以内に固定資産を譲渡した場合には、議渡益から議渡所得 の特別控除額 (50 万円) を控除した後の譲渡所得の金額の2分の1 に相当する金額が課税 標準とされる。 ー jp一,1,正解は 1 です。 税・その他では、不動産取得税、固定資産税、登録免許税、印紙税など、取引に関係する税制を整理します。 この解説は学習用の要約です。法改正や判例変更があるため、実務では最新条文・判例も確認してください。,令和3年度宅地建物取引士資格試験 10月試験 公式PDF（OCR抽出）,2021_p14.jpg,q_2021_23.jpg
R3-2021-024,2021,24,税・その他,FALSE,FALSE,"不動産取得税に関する次の記述のうち、正しいものはどれか,",平成28 年に新染された既存住宅 (床面策 210 m?) を個人が自己の居住のなめに取得した 場合、当該取得に係る不動産取得税の課税標準の算定については、当該住宅の価格から 1.200 万円が挫除される。,家屋が新築された日から 3 年を経過して、なお、当訪家屋について最初の使用又は譲渡が 行われない場合においては、当該家屋が新築きれた日から3 年を経過した日において家屋の 取得がなされたものとみなし、当該家屋の所有者を取得者とみなして、これに対して不動産 取得税を斉する。,不動産取得税は、不動産の取得があった日の翌日から起算して 2 か月以内に当該不動産の 所在する都道府県に申告納付しなければならない。,不動産取得税は、不動産を取得するという比較的担税力のある機会に相当の税負担を求め る観点から創設されたものであるが、不動産取得税の税率は 4 % を超えることができない。,1,正解は 1 です。 不動産取得税は、不動産を取得した人に課される地方税です。取得原因、課税標準、住宅用特例などが出題されます。 この解説は学習用の要約です。法改正や判例変更があるため、実務では最新条文・判例も確認してください。,令和3年度宅地建物取引士資格試験 10月試験 公式PDF（OCR抽出）,2021_p14.jpg,q_2021_24.jpg
R3-2021-025,2021,25,税・その他,FALSE,FALSE,不動産の鑑定評価に関する次の記述のうち、不動産第定評価基準によれば、誤っ ているものはどれか。,不動産鑑定士の通常の調査の範阿では、対象不動産の価格への彰響の程度を判断するため の事実の確認が困難な特定の価格形成要因がある場合、鑑定評価書の利用者の利益を害する おそれがないと判断されるときに限り、当設価格形成肖因について調査の範囲に係る条件を 設定することができる。,対象不動産を価格時点において再調達することを想定した場合において必要とされる適正 な原価の総額を再調達原価というが、建設資材、工法等の変遷により、対象不動産の再調達 原価を求めることが困難な場合には、対象不動産と同等の有用性を持つものに置き換えて求 めた原価を再調達原価とみなすものとする。,取引事例等に係る取引が特殊な事情を含み、これが当訪取引事例等に係る価格等に影響を 及ぼしている場合に、適切に補正することを時点修正という。,不動産の鑑定評価によって求める賃料は、一般的には正常賃料又は継続賃幸であるが、 第 定評価の依頼日的に対応した条件により限定質料を求めることができる場合がある。 ー 3一,3,正解は 3 です。 税・その他では、不動産取得税、固定資産税、登録免許税、印紙税など、取引に関係する税制を整理します。 この解説は学習用の要約です。法改正や判例変更があるため、実務では最新条文・判例も確認してください。,令和3年度宅地建物取引士資格試験 10月試験 公式PDF（OCR抽出）,2021_p15.jpg,q_2021_25.jpg
R3-2021-026,2021,26,宅建業法,FALSE,FALSE,宅地填物取引業者Aが、自ら売主として宅地建物取引業者ではない買主Bに対し 時物の売却を行う場合における宅地建物取引業法第 35 条に規定する重要事項の説明に関する 次の記述のうち、正しいものはどれか。,Aは、Bに対し、専任の宅地建物取引士をして説明をさせなければならない。,Aは、Bに対し、代金以外に授受される金銭の額だけでなく、当訪金銭の投受の目的につ いてる説明しなければならない。,Aは、Bに対し、建物の上に存する登記された権利の種類及び内容だけでなく、移転登記 の申請の時期についても説明しなければならない。,Aは、Bに対し、売買の対象となる建物の引渡しの時期について説明しなければならない。,2,正解は 2 です。 宅建業法35条の重要事項説明では、契約前に買主・借主が判断するために重要な事項を説明します。説明できるのは宅地建物取引士で、取引士証の提示や重要事項説明書への記名などがポイントです。 この解説は学習用の要約です。法改正や判例変更があるため、実務では最新条文・判例も確認してください。,令和3年度宅地建物取引士資格試験 10月試験 公式PDF（OCR抽出）,2021_p15.jpg,q_2021_26.jpg
R3-2021-027,2021,27,宅建業法,FALSE,FALSE,宅地填物取引業の免許 (以下この間において「免許] という。) に関する次の記 述のうち、宅地規物取引業法の規定によれば、正しいゃのはどれか。,個人Aが不正の手段により免許を受けた後、免許を取り消きれ、その取消しの日から5年 を経過した場合、その間に免許を受けることができない事由に該当することがなかったとし ても、Aは再び免許を受けることはできない。,免許を受けようとする個人Bが破産手続開始の決定を受けた後に復権を得た場合において も、Bは免許を受けることができない<,免許を受けようとするC社の役員Dが刑法第 211 条 (業務上過失致死場等) の罪により地 方裁判所で懲役 1 年の判決を言い渡さきれた場合、当該判決に対してDが高等裁判所に扶放し 裁判が係属中であっても、C社は免放を受けることができない。,免許を受けようとする社の役員に、和宅地寺物取引業法の規定に倍反したことにより前金 の刑に処せられた者がいる場合、その刑の執行が終わって5年を経過しなければ、社は免 許を受けることができない。 ーー,4,正解は 4 です。 宅地建物取引業を営むには原則として免許が必要です。免許権者、免許換え、欠格事由、廃業等の届出などが出題されやすい論点です。 この解説は学習用の要約です。法改正や判例変更があるため、実務では最新条文・判例も確認してください。,令和3年度宅地建物取引士資格試験 10月試験 公式PDF（OCR抽出）,2021_p16.jpg,q_2021_27.jpg
R3-2021-028,2021,28,宅建業法,FALSE,FALSE,宅地建物取引土の登録 (以下この問において「登録」という。) に関する次の記 述のうち、宅地建物取引業法の規定によれば、正しいものはどれか。,宅地建物取引土A (甲県知事登録) が、乙県に所在する宅地建物取引業者の事務所の業務 に従事することとなったときは、Aは甲県知事を経由せずに、直接て県知事に対して登録の 移転を申請しなければならない。,甲県知事の登録を受けているが宅地建物取引士証の交付を受けていないBが、宅地建物取 引士としてすべき事務を行った場合、情状のいかんを問わず、甲県知事はBの登録を消除し なければならない。,宅地填物取引上上C (甲県知事登録) は、宅地建物取引業者D社を退職し、宅地填物取引業 者E社に再就職したが、CはD社及びE社のいずれにおいても専任の宅地建物取引土ではな いので、和勤務先の変更の登録を申請しなくてもよい。,甲県で宅地填物取引士資格試験を受け、合格したは、と県に転勤することとなったとし ても、登録は甲県知事に申請しなければならない。,4,正解は 4 です。 建物では、構造、耐震性、劣化、維持管理、設備状況などが重要です。中古住宅では契約不適合やインスペクションにもつながります。 この解説は学習用の要約です。法改正や判例変更があるため、実務では最新条文・判例も確認してください。,令和3年度宅地建物取引士資格試験 10月試験 公式PDF（OCR抽出）,2021_p16.jpg,q_2021_28.jpg
R3-2021-029,2021,29,宅建業法,FALSE,FALSE,次の記述のうち、宅地填物取引業法の現定によれば、正しいものはどれか。,宅地填物取引業者は、その事務所ごとに従業者の氏名、従業者証明書番号その他国土交通 省令で定める事項を記載した従業者名簿を備えなければならず、当該名簿を最終の記載をし た日から 5 年聞保存しなければならない。,宅地針物取引業者は、一団の宅地の分譲を行う案内所において宅地の売買の契約の締結を 行わない場合、その案内所には国土交通省令で定める標識を掲示しなくてもよい。,宅地建物取引業者が、・-団の宅地の分譲を行う案内所において宅地の売買の在約の締結を 行う場合、その案内所には国土交通大臣が定めた報酬の額を掲示しなければならない。,宅地建物取引業者は、事務所以外の継続的に業務を行うことができる施設を有する場所で あっても、契約 (予約を含む。) を締結せすず、かつ、その申込みを受けない場合、当該場所 に専任の宅地建物取引土を思く必要はない。 ー js 一,4,正解は 4 です。 宅建業法は、消費者保護と取引の公正を目的とする分野です。誰が、いつ、何を書面で説明・交付するかを中心に整理します。 この解説は学習用の要約です。法改正や判例変更があるため、実務では最新条文・判例も確認してください。,令和3年度宅地建物取引士資格試験 10月試験 公式PDF（OCR抽出）,2021_p17.jpg,q_2021_29.jpg
R3-2021-030,2021,30,宅建業法,TRUE,FALSE,宅地填物取引業者がその業務に関して行う広告に関する次の記述のうち、宅地速 物取引業法の規定によれば、正しいもゃのはいくつあるか。 ア 宅地の販売広告において、宅地に対する将来の利用の制限について、著しく事実に相違す る表示をしてはならない。 イ 建物の貸借の媒介において広告を行った場合には、信頼者の依頼の有無にかかわらず、報 酬の限度額を超えて、当該広告の料金に相当する額を受領することができる。 ウ 複数の区画がある宅地の売買について、数回に分けて広告するときは、最初に行う広告に 取引態様の別を明示すれば足り、それ以降は明示する必要はない。 エエ 賃貸マンションの貸借に係る尋介の依頼を受け、媒介契約を締結した場合であっても、当 該賃貸マンションが建築確認申請中であるときは広告をすることができない。,一つ,つっ,三つ,四つ,2,正解は 2 です。 媒介契約では、契約類型ごとの書面交付、指定流通機構への登録、業務処理状況の報告義務などが問われます。専任・専属専任・一般媒介の違いを整理することが重要です。 この解説は学習用の要約です。法改正や判例変更があるため、実務では最新条文・判例も確認してください。,令和3年度宅地建物取引士資格試験 10月試験 公式PDF（OCR抽出）,2021_p17.jpg,q_2021_30.jpg
R3-2021-031,2021,31,宅建業法,FALSE,FALSE,宅地建物取引業保証協会 (以下この問において「保証協会] という。) に関する 次の記述のうち、和宅地建物取引菜法の規定によれば、許っているものはどれか。,保証壇会は、当訪保証壇会の社員である宅地填物取引楽者が社員となる前に当該宅地填物 取引業者と宅地填物取引業に関し取引をした者の有するその取引により生じた全権に関し錯 済業務保証金の選付が行わもることにより弁済業務の円滑な運営に支障を生ずるおそれがあ ると認めるときは、当該社員に対し、担保の提供を求めることができる。,保証協会の社員である宅地針物取引業者は、取引の相手方から宅地填物取引業に係る取引 に関する菩情について解決の申出が当談保証協会になはされ、その解決のために当該保証協会 から資料の提出の求めがあったときは、正当な理由がある場合でなければ、これを拒んでは ならない。,人探証協会の社員である宅地建物取引業者は、当該宅地建物取引業者と宅地建物取引業に関 し取引をした者の有するその取引により生じた債権に関し弁済業務保証金の岳付がなされた ときは、その日から 2 週間以内に選付充当金を保証協会に納付しなければならない。,記付充当金の未納により保証協会の社員がその地位を失ったときは、保証協会は、直ちに その旨を当該社員であった宅地填物取引業者が免許を受けた国土交通大臣叉は都道府県知事 に報告しなければならない。 ー je一,3,正解は 3 です。 建物では、構造、耐震性、劣化、維持管理、設備状況などが重要です。中古住宅では契約不適合やインスペクションにもつながります。 この解説は学習用の要約です。法改正や判例変更があるため、実務では最新条文・判例も確認してください。,令和3年度宅地建物取引士資格試験 10月試験 公式PDF（OCR抽出）,2021_p18.jpg,q_2021_31.jpg
R3-2021-032,2021,32,宅建業法,FALSE,FALSE,宅地埋物取引業の免許 (以下この間において「免許] という。) に関する次の記 述のうち、宅地針物取引業法の規定によれば、正しいものはどれか。なお、いずれの場合も、 その行為を業として営むものとする。,A社が、都市計画法に規定する用途地域外の土地であって、ソーラーパネルを設置するた めの土地の売買を媒介しようとする場合、免許は必要ない。,B社が、土地区画整理事業の換地処分により取得した換地を住宅用地として分譲しようと する場合、免許は必要ない。 -,農業協同組合Cが、組合員が所有する宅地の売却の代理をする場合、免許は必要ない。,D視が、地方公共団体が定住促進策としてその所有する土地について住宅を建築しようと する個人に売却する取引の媒介をしようとする場合、免許は必要ない。,1,正解は 1 です。 宅地建物取引業を営むには原則として免許が必要です。免許権者、免許換え、欠格事由、廃業等の届出などが出題されやすい論点です。 この解説は学習用の要約です。法改正や判例変更があるため、実務では最新条文・判例も確認してください。,令和3年度宅地建物取引士資格試験 10月試験 公式PDF（OCR抽出）,2021_p18.jpg,q_2021_32.jpg
R3-2021-033,2021,33,宅建業法,FALSE,FALSE,】 宅地針物取引薬法第 35 条に規定する重要事項の説明における水防法施行規則第 11 条第 1 号の規定により市町村 (特別区を含む。以下この間において同じ。) の長が提供する 図面 (以下この間において「水害ハザードマップ] という。) に関する次の記述のうち、正し いものはどれか。なお、説明の相手方は宅地針物取引業者ではないものとする。,宅地建物取引業者は、市町村が、取引の対象となる宅地又は建物の位置を含む水害ハザー ドマップを作成せず、又は印邊物の配布若しくはホームページ等への掲載等をしていないこ とを確認できた場合は、重要事項説明書にその旨記載し、重要事項説明の際に提示すべき水 害ハザードマップが存在しない旨を説明すればよい。,宅地造物取引楽者は、市町村が取引の対象となる宅地又は建物の位置を含む 「洪水]、「十 水出水 (内水)]、「高潮」の水害ハザードマップを作成している場合、重要事項説明の際に いずれか 1 種類の水害ハザードマップを提示すればよい。,宅地建物取引業者は、市町村が取引の対象となる宅地又は建物の位置を含む水害ハザード マップを作成している場合、売買又は交換の媒介のときは重要事項説明の際に水害ハザード マップを提示しなければならないが、食僅の尋介のときはその必要はない。,宅地建物取引業者は、市町村が取引の対象となる宅地又は建物の位置を含む水害ハザード マップを作成している場合、重要事項説明書に水害ハザードマップを添付すれば足りる。 ーー,1,正解は 1 です。 宅建業法35条の重要事項説明では、契約前に買主・借主が判断するために重要な事項を説明します。説明できるのは宅地建物取引士で、取引士証の提示や重要事項説明書への記名などがポイントです。 この解説は学習用の要約です。法改正や判例変更があるため、実務では最新条文・判例も確認してください。,令和3年度宅地建物取引士資格試験 10月試験 公式PDF（OCR抽出）,2021_p19.jpg,q_2021_33.jpg
R3-2021-034,2021,34,宅建業法,FALSE,FALSE,宅地理物取引業法の規定に基づく営業保証金に関する次の記述のうち、正しいも のはどれか。,国土交通大臣から免許を受けた宅地建物取引業者が、営業保証金を主たる事務所のもより の供託所に供託した場合、当該供託所から国土交通大臣にその旨が通知きれるため、当該宅 地填物取引業者は国土交通大臣にその旨を届け出る必要はない。,宅地填物取引楽者と宅地填物取引業に関し取引をした者は、その取引により生じた債権に 関し、当該宅地填物取引業者が供託した営業保証金について、その債権の弁済を受ける権利 を有するが、取引をした者が宅地針物取引業者に該当する場合は、その権利を有しない。,営業保証金は、金銭による供託のほか、有価証券をもって供託することができるが、金銭 と有価証券とを併用して供託することはできない。,有価証券を営業保証金に充てる場合における当該有価証券の価額は、国偽証券の場合はそ の千面金額の 100 分の 90、地方債証券の場合はその欠面金額の 100 分の 80 である。,2,正解は 2 です。 宅建業法は、消費者保護と取引の公正を目的とする分野です。誰が、いつ、何を書面で説明・交付するかを中心に整理します。 この解説は学習用の要約です。法改正や判例変更があるため、実務では最新条文・判例も確認してください。,令和3年度宅地建物取引士資格試験 10月試験 公式PDF（OCR抽出）,2021_p19.jpg,q_2021_34.jpg
R3-2021-035,2021,35,宅建業法,TRUE,FALSE,宅地填物取引士の登録 (以下この問において「登録」 という。) 及び宅地填物取 引土証に関する次の記述のうち、正しいゃのはいくつあるか。 ア 宅地填物取引士 (甲県知事登録) が事務人禁止処分を受けた場合、宅地填物取引士証を甲県 知事に速やかに提出しなければならず、速やかに提出しなかったときは10万円以下の過料 に処せられることがある。 イ 宅地針物取引士 (甲県知事登録) が宅地刈物取引寸としての事務禁止処分を受け、その禁 止の期間中に本人の申請により登録が消除された場合は、その者がと県で宅地填物取引填資 格試験に合格したとしても、当該期間が満了していないときは、と県知事の登録を受けるこ とができない。 ウ 宅地填物取引土 (甲県知事登録) が甲県からと県に住所を変更したときは、ご県知事に対 し、登録の移転の申請をすることができる。 エエ 宅地建物取引士 (甲県知事登録) が本籍を変更した場合、有遅滞なく、四県知事に変更の登 録を申請しなければならない。,一つ,ニニっつっ,三つ,四つ ー js一,3,正解は 3 です。 建物では、構造、耐震性、劣化、維持管理、設備状況などが重要です。中古住宅では契約不適合やインスペクションにもつながります。 この解説は学習用の要約です。法改正や判例変更があるため、実務では最新条文・判例も確認してください。,令和3年度宅地建物取引士資格試験 10月試験 公式PDF（OCR抽出）,2021_p20.jpg,q_2021_35.jpg
R3-2021-036,2021,36,宅建業法,FALSE,FALSE,宅地針物取引業者が行う宅地針物取引菜潜第 35 条に規定する重要事項の説明に 関する次の記述のうち、同法の規定に少なくとも説明しなければならない事項として掲げられ ていないものはどれか。 -,建物の貸筐の尋介を行う場合における、「都市計画法第 29 条第 1 項の規定に基づく制限」,建物の貸借の尋介を行う場合における、「当該建物について、石綿の使用の有無の調査の 粘果が記録きれているときは、その内容」,建物の貸借の次介を行う場合における、「台所、浴室、便所その他の当該建物の設備の整 備の状況],宅地の貸借の尋介を行う場合における、「敷金その他いかなる名義をもって接受されるか を問わず、契約終了時において精算することとされている金銭の精算に関する事項】,1,正解は 1 です。 宅建業法35条の重要事項説明では、契約前に買主・借主が判断するために重要な事項を説明します。説明できるのは宅地建物取引士で、取引士証の提示や重要事項説明書への記名などがポイントです。 この解説は学習用の要約です。法改正や判例変更があるため、実務では最新条文・判例も確認してください。,令和3年度宅地建物取引士資格試験 10月試験 公式PDF（OCR抽出）,2021_p20.jpg,q_2021_36.jpg
R3-2021-037,2021,37,宅建業法,FALSE,FALSE,宅地填物取引法第 35 条の規定に基づく重要事項の説明及び同法第 37 条の規定 により交付すべき書面 (以下この問において「37 条書面] という。) に関する次の記述のうち、 正しいものはどれか。,宅地寺物取引業者は、媒介により区分所有建物の賃貸借契約を成立させた場合、専有部分 の用途その他の利用の制限に関する規約においてペットの飼育が禁止されているときは、そ の加を重要事項説明書に記載して説明し、37 条書面にも記載しなければならない。,宅地填物取引楽填は、自ら売主となる土地付書物の売買契約において、宅地填物取引泉者 ではない買主から保全措置を講ずる必要のない金額の手付金を受領する場合、手付金の保全 措置を講じないことを、重要事項説明書に記載して説明し、37 条書面にも記載しなければ ならない。,宅地填物取引菜者は、吾介により建物の敷地に供せられる土地の売買契約を成立させた場 合において、当該売買代金以外の金銭の授受に関する定めがあるときは、その領並びに当該 金銭の授受の時期及び目的を 37 条書面に記玉しなければならない。,宅地填物取引業者は、自ら売主となる土地付尋物の売買契約及び自ら貸正となる土地付建 物の賃貸借契約のいずれにおいても、37 条章面を作成し、その取引の相手方に交付しなけ ればならない。 ーュ9一,3,正解は 3 です。 宅建業法35条の重要事項説明では、契約前に買主・借主が判断するために重要な事項を説明します。説明できるのは宅地建物取引士で、取引士証の提示や重要事項説明書への記名などがポイントです。 この解説は学習用の要約です。法改正や判例変更があるため、実務では最新条文・判例も確認してください。,令和3年度宅地建物取引士資格試験 10月試験 公式PDF（OCR抽出）,2021_p21.jpg,q_2021_37.jpg
R3-2021-038,2021,38,宅建業法,TRUE,FALSE,宅地填物取引業者Aが、宅地針物取引業者BからB所有の建物の売却を依頼され、 Bと一般媒介契約 (以下この痢において「本件契約] という。) を締結した場合に関する次の 記述のうち、宅地建物取引薬法の規定に違反しないものはいくつあるか。 ア 本件契約を締灯する際に、Bから有効期間を 6 か月としたい則の申出があったが、AとB が協議して、有効期間を3か月とした。 イ 当該物件に係る買受けの申込みはなかったが、AはBに対し本件契約に係る業務の処理状 況の報告を口頭により 14 日に1 回以上の頻度で行った。 ウ Aは本件契約を締結した後、所定の事項を運滞なく指定流通機構に登録したが、その登録 を証する書面を、登録してから 14 日後にBに交付した。 エ 本件契約締結後、1 年を経過しても当該物件を売却できなかったため、Bは売却をあきら め、当該物件を賃貸することにした。そこでBはAと当該物件の貸借に係る一般媒介契約を 締結したが、当該契約の有効期間を定めなかった。,-つっ,ニっ,三っ,四つ,4,正解は 4 です。 媒介契約では、契約類型ごとの書面交付、指定流通機構への登録、業務処理状況の報告義務などが問われます。専任・専属専任・一般媒介の違いを整理することが重要です。 この解説は学習用の要約です。法改正や判例変更があるため、実務では最新条文・判例も確認してください。,令和3年度宅地建物取引士資格試験 10月試験 公式PDF（OCR抽出）,2021_p21.jpg,q_2021_38.jpg
R3-2021-039,2021,39,宅建業法,FALSE,FALSE,宅地寺物取引業者が、自ら売主として、宅地理物取引表者Bの媒介により、宅 地針物取引業者ではないCを買主とするマンションの買契約を締結した場合における宅地建 物取引業法第 37 条の 2 の規定に基づくいわゆるクーリング・オフについて告げるときに交付 すべき書面 (以下この開において「告知番面」 という。) に関する次の記述のうち、正しいも のはどれか。,告知書面にはは、クターリング・オフによる買受けの申込みの撤回又は売買契約の解除があっ たときは、Aは、その買受けの申込みの撤回又は売買契約の解除に伴う損害賠償又は何約金 の支払を請求することができないことを記載しなければならない。,告知書環には、クーリング・オフについて告げられた日か起算して 8 日を経過するまで の間は、Cが当該マンションの引渡しを受け又は代金の全部を支払った場合を除き、書面に よりクーリング・オフによる買受けの申込みの搬回又は売買契約の解除を行うことができる ことを記載しなければならない。,告知午面には、Cがクーリング・オフによる売買契約の解除をするときは、その官を記載 した書面がAに到達した時点で、その効力が発生することを記載しなければならない。,告知書面には、A及びBの商号又は名称及び住所並びに免許証番号を記載しなければなら ない。 ーー一,1,正解は 1 です。 媒介契約では、契約類型ごとの書面交付、指定流通機構への登録、業務処理状況の報告義務などが問われます。専任・専属専任・一般媒介の違いを整理することが重要です。 この解説は学習用の要約です。法改正や判例変更があるため、実務では最新条文・判例も確認してください。,令和3年度宅地建物取引士資格試験 10月試験 公式PDF（OCR抽出）,2021_p22.jpg,q_2021_39.jpg
R3-2021-040,2021,40,宅建業法,FALSE,FALSE,次の記述のうち、宅地填物取引業法の規定によれば、正しいものはどれか。,宅地建物取引楽者は、その業務に関する帳筆を備え、取引のあったつど、その年月日、そ の取引に係る宅地叉は建物の所在及び面積その他国土交通省令で定める事項を記壇しなけれ ばならないが、支店及び案内所には備え付ける必要はない。,成年である宅地填物取引業者は、宅地建物取引楽の業務に関し行った行為について、行為 能力の制銀を理由に取り消すことができる。,宅地針物取引業者は、一団の宅地填物の分譲をする場合における当該宅地叉は建物の所在 する場所に国土交通省令で定める標識を掲示しなければならない。,宅地建物取引業者は、業務上取り扱ったことについて知り得た秘密に関し、税務署の職員 から質問検査権の規定に基づき質問を受けたときであっても、回答してはならない。,3,正解は 3 です。 宅建業法は、消費者保護と取引の公正を目的とする分野です。誰が、いつ、何を書面で説明・交付するかを中心に整理します。 この解説は学習用の要約です。法改正や判例変更があるため、実務では最新条文・判例も確認してください。,令和3年度宅地建物取引士資格試験 10月試験 公式PDF（OCR抽出）,2021_p22.jpg,q_2021_40.jpg
R3-2021-041,2021,41,宅建業法,TRUE,FALSE,宅地建物取連業者Aが行う業務に関する次の記述のうち、宅地建物取引業法の規 定によれば、正しいものはいくつあるか。なお、この問において「37 条書面] とは、同法第 37 条の規定により交付すべき書面をいうものとする。 ア Aが自ら売主として建物を売却する場合、宅地寺物取引業者Bに当該売却の媒介を依頼し たときは、Bは宅地建物取引土をして 37 条書面に記名押還さきせなければならず、Aも宅地 建物取引士をして 37 条書面に記名押印させなければならない。 イ AAが自ら売主として建物を売却する場合、当該売買契約に際し、買主から支払われる手付 金の額が売買代金の 5 % 未満であるときは、当該手付金の額の記載があれば、授受の時期 については 37 条書面に記載しなくてもよい。 ウ Aが売主を代理して建物を売却する場合、買主が宅地填物取引楽者であるときは、37 条 害面を交付しなくてもよい。 エエ Aが売主を代理して抵当権が設定されている建物を売却する場合、当訪抵当権の内容につ いて 37 条書面に記載しなければならない。,一つ,ニっ,三っ,四つ ーー,1,正解は 1 です。 媒介契約では、契約類型ごとの書面交付、指定流通機構への登録、業務処理状況の報告義務などが問われます。専任・専属専任・一般媒介の違いを整理することが重要です。 この解説は学習用の要約です。法改正や判例変更があるため、実務では最新条文・判例も確認してください。,令和3年度宅地建物取引士資格試験 10月試験 公式PDF（OCR抽出）,2021_p23.jpg,q_2021_41.jpg
R3-2021-042,2021,42,宅建業法,FALSE,FALSE,宅地建物取引業者Aが、自ら売主として宅地填物取引業者ではないBを買主とす る土地付建物の売買契約 (代金 3.200 万円) を締結する場合に関する次の記述のうち、民法及 び宅地建物取引業法の規定によれば、正しいものはどれか。,割肛販売の契約を締結し、当該土地付建物を引き渡した場合、Aは、Bから800 万円の央 払金の支払を受けるまでに、当該土地付建物に係る所有権の移転登記をしなければならない。,当該土地付建物の工事の完了前に契約を締結した場合、Aは、宅地填物取引業法第 41 条 に定める手付金等の保全措置を講じなくても手付金 100 万円、中間金 60 万円を受領するこ とができる。,当事者の債務の不履行を理由とする契約の解除に伴う損害賠償の予定額を 400 万円とし、 かつ、倍約金の額を 240 万円とする特約を定めた場合、当該特約は無効となる。,当事者の債務の不比行を理由とする契約の解除に伴う損害賠償の予定額を定めていない場 合、貸務の不用行による損害踏償の請求額は売買代金の額の 10 分の 2 を超えてはならない。,2,正解は 2 です。 土地では、地形・地盤・災害リスク・道路付けなどが重要です。実務では買主の利用目的や再建築可能性にも関係します。 この解説は学習用の要約です。法改正や判例変更があるため、実務では最新条文・判例も確認してください。,令和3年度宅地建物取引士資格試験 10月試験 公式PDF（OCR抽出）,2021_p23.jpg,q_2021_42.jpg
R3-2021-043,2021,43,宅建業法,TRUE,FALSE,宅地建物取引業者の業務に関する次の記述のうち、宅地填物取引業法の規定に六 反するものはいくつあるか。 ア マンションの販売に際して、買主が手付として必要な額を持ち合わせていなかったため、 手付を分割受領することにより、契約の締結を誘引した。 イ 宅地の売買に際して、相手方が「契約の締結をするかどうか明日まで考えさせてほしい」 と申し出たのに対し、 事実を雀めて 「明日では契約締結できなくなるので、今日しか待てな い」 と告げた。 ウ マンション販売の勧誠を電話で行った際に、勧誘に先立って電話口で宅地建物取引業者の 商号叉は名称を名乗らずに勧誠を行った。 エエ 建物の貸借の媒介に際して、賃貸借契約の申込みをした者がその撤回を申し出たが、物件 案内等に経費がかかったため、預り金を返選しなかった。,つっ,ニっ,三つ,四つっ ーー一,4,正解は 4 です。 媒介契約では、契約類型ごとの書面交付、指定流通機構への登録、業務処理状況の報告義務などが問われます。専任・専属専任・一般媒介の違いを整理することが重要です。 この解説は学習用の要約です。法改正や判例変更があるため、実務では最新条文・判例も確認してください。,令和3年度宅地建物取引士資格試験 10月試験 公式PDF（OCR抽出）,2021_p24.jpg,q_2021_43.jpg
R3-2021-044,2021,44,宅建業法,FALSE,FALSE,宅地作物取引楽者A (消費税課税事業者) が受け取ることができる報丁額につい ての次の記述のうち、宅地針物取引業法の規定によれば、正しいものはどれか,司住の用に供する建物 (1 か月の借折20 万円。消和等相当額を含まない。) の筑谷で あって 100万円の権利金の授受があるものの氏介をする場合、依頼者双方から受微する報本 の合計額は 11 万円を超えてはならない。,宅地 (代金1.000万円。消僅税等相当観を含まない。) の売買について、売主から代理の 依頼を受け、買主か媒介の依頼を受け、飲買契約を成立させて買主から 303.000 円の報本 を受領する場合、売主からは 489.000 円を上限として報酬を受領することができる。,宅地 (代金300万円。 消費税等相当額を含まない。) の売皿の媒介について、 通常の媒介 と比較して現地調査等の費用が6万円 (消費税等相当額を含まない。) 多く要した場合、依 頼者双方から合計で 44 万円を上限として報酬を受撤することができる。,店千住宅 (1 か月の借賃20 万円。 消費税等相当額を含まない。) の貸僅の媒介をする場 合、依頼者の一方から受領する報本は 11 万幅を起えてはならない。,2,正解は 2 です。 宅建業法は、消費者保護と取引の公正を目的とする分野です。誰が、いつ、何を書面で説明・交付するかを中心に整理します。 この解説は学習用の要約です。法改正や判例変更があるため、実務では最新条文・判例も確認してください。,令和3年度宅地建物取引士資格試験 10月試験 公式PDF（OCR抽出）,2021_p24.jpg,q_2021_44.jpg
R3-2021-045,2021,45,宅建業法,FALSE,FALSE,宅地才物取引業者えが、月ら売主として宅地寺物取引業者ではない買主Bに新築 住宅を販売する場合における次の記述のうち、特定住宅担任の履行の確保等に関する 法律の規定によれば、正しいもるのはどれか。,Bが往設業者である場合、Aは、Bに引き渡した新穫住宅について、住宅販売直上担保保 証金の供託又は住宅販売防揚催任保険約の締結を行う義務を負わない。,Aが住宅販売交担保許保険契約を締結する場合、当該契約は、BがAから当談新穫住 宅の引渡しを受けた時から 2 年以上の期間にわたって有効なものでなければならない。,Aが住宅販売由凶担保任保際契約を締結した場合、A及びBは、指定住宅紛争処理機関 に特別住宅紛争処理の申請をすることにより、当革新築住宅の隊底に関するAとBとの聞の 紛争について、あっせん、調停又は仲裁を受けることができる。,AB剛の新穫住宅の買契約において、当該新和住宅の構造財力上主要な部分に昌六が あっても Aが政直担保南任を負わない紀の特約があった場合、住宅販売玉揚保保証金の供 託又は住宅販売担保責任保険契約の因結を行う義務はない。 ーョー,3,正解は 3 です。 宅建業法は、消費者保護と取引の公正を目的とする分野です。誰が、いつ、何を書面で説明・交付するかを中心に整理します。 この解説は学習用の要約です。法改正や判例変更があるため、実務では最新条文・判例も確認してください。,令和3年度宅地建物取引士資格試験 10月試験 公式PDF（OCR抽出）,2021_p25.jpg,q_2021_45.jpg
R3-2021-046,2021,46,免除科目,FALSE,FALSE,独立行政法人住宅金融支援幾構 (以下この問において「機構」 という。) に関す る次の記述のうち、調っているものはどれか。,機構は、証券化支援事業 (買取型) において、賃貸住宅の購入に必要な資金の貸付けに係 る金融機関の貸付債権を譲受けの対象としている。,機構は、市街地の土地の合理的な利用に寄与する一定の建築物の建設に必要な資金の貸付 けを業務として行っている。,機構は、証券化支援事業 (買取型) において、省エネルギー性に優れた住宅を取得する場 合について、貸付金の利率を一定期間引き下げる制度を設けている。,機構は、経済事情の変動に伴い、貸付けを受けた者の住宅ローンの元利金の支払が著しく 際難になった場合に、償避期間の延長等の貸付条件の変更を行っている。,1,正解は 1 です。 住宅金融支援機構では、証券化支援事業や住宅ローンに関する制度が問われます。宅建実務ではローン説明にも関係します。 この解説は学習用の要約です。法改正や判例変更があるため、実務では最新条文・判例も確認してください。,令和3年度宅地建物取引士資格試験 10月試験 公式PDF（OCR抽出）,2021_p25.jpg,q_2021_46.jpg
R3-2021-047,2021,47,免除科目,FALSE,FALSE,宅地建物取引業者が行う広告に関する次の記述のうち、不当景品類及び不当表示 防止法 (不動産の表示に関する公正競争規約を含む。) の規定によれば、正しいものはどれか。,住宅の居室の広さを畳数で表示する場合には、連 1 枚当たりの広さにかかわらず、実際に 当該居室に敷かれている時の数を表示しなければならない。,団地(一団の宅地又は建物をいう。) と駅との韻の距離は、駅から最も近い当該団地内の 地点を起点又は着点として算出した数値を表示しなければならず、当該団地を数区に区分し て取引するときは各区分ごとに距離を算出して表示しなければならない。,新築分譲マンションを完成予想図により表示する場合、完成予想図である旨を表示すれば、 緑豊かな環境であることを訴求するために周囲に存在しない公園等を表示することができる。,新築分譲住宅の販売に当たって行う二重価格表示は、実際に過去において販売価格として 公表していた価格を比較対照価格として用いて行うのであれば、値下げの時期から 1 年以内 の期間は表示することができる。 ーー,2,正解は 2 です。 宅建業法では誇大広告等が禁止されています。また、未完成物件では必要な許可等を受ける前に広告や契約締結が制限される場合があります。 この解説は学習用の要約です。法改正や判例変更があるため、実務では最新条文・判例も確認してください。,令和3年度宅地建物取引士資格試験 10月試験 公式PDF（OCR抽出）,2021_p26.jpg,q_2021_47.jpg
R3-2021-048,2021,48,免除科目,FALSE,FALSE,次の記述のうち、正しいものはどれか。,壮築着工統計 (令和3 年 1 月公表) によれば、儲和 2 年1月から令和2年12 月までの新 設住宅着工戸数は約 81.5 万戸となり、 4年ぶりに増加に転じた。,令和3年版土地白書 (令和3年6 月公表) によれば、土地取引について、売買による所有 権移転登記の件数でその動硬を見ると、令和 2 年の全国の土地取引件数は約 128 万件となり、 5 年軍続の増加となっている。,令和3年地価公示 (令和3年3月公表) によれば、令和2年1 月以降の 1 年間の地価の変 動を見ると、全国平均の用途別では、住宅地及び商業地は下落に転したが、工業地は5 年連 続の上昇となっている。,年次別法人企業統計調査 (令和元年度。令和 2 年 10 月公表) によれば、令和元年度にお ける不動産業の営業利益は約 5 兆円を超え、前年度を上回った。,3,正解は 3 です。 問題文の条件を整理し、各選択肢が条文・判例・制度趣旨に合うかを一つずつ判断します。 この解説は学習用の要約です。法改正や判例変更があるため、実務では最新条文・判例も確認してください。,令和3年度宅地建物取引士資格試験 10月試験 公式PDF（OCR抽出）,2021_p26.jpg,q_2021_48.jpg
R3-2021-049,2021,49,免除科目,FALSE,FALSE,土地に関する次の記述のうち、最も不適当なものはどれか。,森林は、木材資源としても重要で、 水源差、 洪水防止等の大きな役割を担っている。,活動度の高い火山の火山筐では、火山活動に伴う災害にも留意する必要がある。,林相は良好でも、 破大や央雅等の上の杉の柱林地は、 芝雨に際して崩壊することがある。,崖欠や小河用の軸口堆積物の多い所等は、 土石流の危険が少ない。,4,正解は 4 です。 土地では、地形・地盤・災害リスク・道路付けなどが重要です。実務では買主の利用目的や再建築可能性にも関係します。 この解説は学習用の要約です。法改正や判例変更があるため、実務では最新条文・判例も確認してください。,令和3年度宅地建物取引士資格試験 10月試験 公式PDF（OCR抽出）,2021_p27.jpg,q_2021_49.jpg
R3-2021-050,2021,50,免除科目,FALSE,FALSE,建物の構造に関する次の記述のうち、最も不適当なものはどれか。,鉄骨構造は、主要構造の構造形式にトラス、ラーメン、アーチ等が用いられ、高層建築の 骨組に適している。,鉄骨構造の床は既製気泡コンクリート板、プレキャストコンクリート板等でつくられる。,鉄骨構造は、重火被覆や鋼材の加工性の問題があり、現在は住宅、店舗等の建物には用い られていない。,鉄骨構造は、工場、体育館、倉庫等の単層で大空間の建物に利用きれている。 ーー 55一 受験番号記入欄(受番号シール貼付け柚 受験者氏名 令和 3年度問題,3,正解は 3 です。 建物では、構造、耐震性、劣化、維持管理、設備状況などが重要です。中古住宅では契約不適合やインスペクションにもつながります。 この解説は学習用の要約です。法改正や判例変更があるため、実務では最新条文・判例も確認してください。,令和3年度宅地建物取引士資格試験 10月試験 公式PDF（OCR抽出）,2021_p27.jpg,q_2021_50.jpg
